JIWA ID,Sys ID,Name,Domain,Country Code,End user,Partner,Vendor,Company Phone,Street,Street Cont.,City,State,Created,record_id,company,company_clean,domain_clean,phone_clean,address_clean,combined_id,merged_ids,reason
201417.0,a09a74841b7380108321311d0d4bcbc8,Network Ten Pty Ltd,10play.com.au,AU,End User,,,'+61 2 9650 1010,1 Saunders Street,,Pyrmont,NSW,22/03/2020,a09a74841b7380108321311d0d4bcbc8,Network Ten Pty Ltd,network ten,10play.com.au,61296501010,1 Saunders Street Pyrmont NSW AU,network ten;10play.com.au;61296501010,a09a74841b7380108321311d0d4bcbc8;cd8b308c1b7380108321311d0d4bcbe0,duplicate company or domain
208258.0,2aa974631b49a910b37020e6b04bcbb6,COMPANY 29 PTY LTD,29metals.com,AU,End User,,,,"Level 2, 150 Collins St",,MELBOURNE ,VIC,22/02/2023,2aa974631b49a910b37020e6b04bcbb6,COMPANY 29 PTY LTD,company 29,29metals.com,,"Level 2, 150 Collins St MELBOURNE VIC AU",company 29;29metals.com;,2aa974631b49a910b37020e6b04bcbb6;b41b34881b7380108321311d0d4bcb09;b669b6641bde7510b37020e6b04bcb7c,duplicate company or domain
204947.0,b41b34881b7380108321311d0d4bcb09,EMR Golden Grove Pty Ltd,29metals.com,AU,End User,,,,"Suite 1, Ground Floor 38 Colin Street",,West Perth,WA,22/03/2020,b41b34881b7380108321311d0d4bcb09,EMR Golden Grove Pty Ltd,emr golden grove,29metals.com,,"Suite 1, Ground Floor 38 Colin Street West Perth WA AU",emr golden grove;29metals.com;,2aa974631b49a910b37020e6b04bcbb6;b41b34881b7380108321311d0d4bcb09;b669b6641bde7510b37020e6b04bcb7c,duplicate company or domain
700087.0,4e001eec1b8f6850d5d38738dc4bcbca,Two Degrees Mobile Limited,2degrees.nz,NZ,,Partner,,'+6499196046,"Level 2, 136 Fanshawe Street",,Auckland Central,Auckland,19/03/2021,4e001eec1b8f6850d5d38738dc4bcbca,Two Degrees Mobile Limited,two degrees mobile,2degrees.nz,6499196046,"Level 2, 136 Fanshawe Street Auckland Central Auckland NZ",two degrees mobile;2degrees.nz;6499196046,06a77fa687c76550852d0e170cbb35ad;4e001eec1b8f6850d5d38738dc4bcbca;e500daec1b8f6850d5d38738dc4bcb85,duplicate company or domain
702398.0,06a77fa687c76550852d0e170cbb35ad,Two Degrees Networks Limited,2degrees.nz,NZ,,Partner,,,"Level 2, 136 Fanshawe Street",,"Auckland Central,",Auckland,30/05/2023,06a77fa687c76550852d0e170cbb35ad,Two Degrees Networks Limited,two degrees networks,2degrees.nz,,"Level 2, 136 Fanshawe Street Auckland Central, Auckland NZ",two degrees networks;2degrees.nz;,06a77fa687c76550852d0e170cbb35ad;4e001eec1b8f6850d5d38738dc4bcbca;e500daec1b8f6850d5d38738dc4bcb85,duplicate company or domain
211064.0,ea5afa29831ed2d058f18798beaad3f3,PRJ Consulting Pty Ltd t/a 3Columns (EU),3columns.io,AU,End User,,,,,,,,6/12/2024,ea5afa29831ed2d058f18798beaad3f3,PRJ Consulting Pty Ltd t/a 3Columns (EU),prj consulting t/a 3columns eu,3columns.io,,AU,prj consulting t/a 3columns eu;3columns.io;,b8e8c1681bedb410a18b311d0d4bcb39;ea5afa29831ed2d058f18798beaad3f3,duplicate company or domain
204963.0,82cafcc41b7380108321311d0d4bcbc7,4Impact Group Pty Ltd,4impact.com,AU,,Partner,,1300 112 100,Level 22,324 Queen Street ,Brisbane,QLD,22/03/2020,82cafcc41b7380108321311d0d4bcbc7,4Impact Group Pty Ltd,4impact group,4impact.com,1300112100,Level 22 Brisbane QLD AU,4impact group;4impact.com;1300112100,3c4d22adc3a392d01a9c742a050131c7;82cafcc41b7380108321311d0d4bcbc7,duplicate company or domain
900527.0,9998f2061b3139d0d1f74119b04bcb7d,A10 Networks Inc (PH),a10networks.com,PH,End User,,Vendor,,,,,,12/10/2023,9998f2061b3139d0d1f74119b04bcb7d,A10 Networks Inc (PH),a10 networks ph,a10networks.com,,PH,a10 networks ph;a10networks.com;,0f3b56b01b3665101c3ddc6fcc4bcbe4;46dd74981bf1f990d1f74119b04bcb1e;55a044501b6f5d90b37020e6b04bcbe5;9998f2061b3139d0d1f74119b04bcb7d;9f2ad3e9c39a9a901a9c742a0501313d,duplicate company or domain
400727.0,46dd74981bf1f990d1f74119b04bcb1e,A10 Networks Inc (SG),a10networks.com,SG,End User,,Vendor,,,,,,6/10/2023,46dd74981bf1f990d1f74119b04bcb1e,A10 Networks Inc (SG),a10 networks sg,a10networks.com,,SG,a10 networks sg;a10networks.com;,0f3b56b01b3665101c3ddc6fcc4bcbe4;46dd74981bf1f990d1f74119b04bcb1e;55a044501b6f5d90b37020e6b04bcbe5;9998f2061b3139d0d1f74119b04bcb7d;9f2ad3e9c39a9a901a9c742a0501313d,duplicate company or domain
900340.0,0f3b56b01b3665101c3ddc6fcc4bcbe4,A10 NETWORKS SINGAPORE PTE. LTD.,a10networks.com,PH,,Partner,,,"100 TRAS STREET, #16-01, 100 AM",,,SINGAPORE,12/05/2023,0f3b56b01b3665101c3ddc6fcc4bcbe4,A10 NETWORKS SINGAPORE PTE. LTD.,a10 networks singapore,a10networks.com,,"100 TRAS STREET, #16-01, 100 AM SINGAPORE PH",a10 networks singapore;a10networks.com;,0f3b56b01b3665101c3ddc6fcc4bcbe4;46dd74981bf1f990d1f74119b04bcb1e;55a044501b6f5d90b37020e6b04bcbe5;9998f2061b3139d0d1f74119b04bcb7d;9f2ad3e9c39a9a901a9c742a0501313d,duplicate company or domain
211072.0,9f2ad3e9c39a9a901a9c742a0501313d,"A10 Networks, Inc.",a10networks.com,AU,End User,,Vendor,,2300 Orchard Parkway,,San Jose,CA,6/12/2024,9f2ad3e9c39a9a901a9c742a0501313d,"A10 Networks, Inc.",a10 networks,a10networks.com,,2300 Orchard Parkway San Jose CA AU,a10 networks;a10networks.com;,0f3b56b01b3665101c3ddc6fcc4bcbe4;46dd74981bf1f990d1f74119b04bcb1e;55a044501b6f5d90b37020e6b04bcbe5;9998f2061b3139d0d1f74119b04bcb7d;9f2ad3e9c39a9a901a9c742a0501313d,duplicate company or domain
702762.0,0870e0d033c91e10a0c67c845d5c7bc7,A1 Technologies Group Pty Ltd (for NZ),a1t.com.au,NZ,,Partner,,1300218218,c/o Thomas Hopper and Partners,"Level 13, 99 Walker St",North Sydney,NSW,1/10/2024,0870e0d033c91e10a0c67c845d5c7bc7,A1 Technologies Group Pty Ltd (for NZ),a1 technologies group for nz,a1t.com.au,1300218218,c/o Thomas Hopper and Partners North Sydney NSW NZ,a1 technologies group for nz;a1t.com.au;1300218218,0870e0d033c91e10a0c67c845d5c7bc7;5d57bbcc33c51e10a0c67c845d5c7b2c;ed329b75c31da2101a9c742a05013168,duplicate company or domain
703790.0,ed329b75c31da2101a9c742a05013168,A1 Technologies New Zealand Limited,a1t.com.au,NZ,,Partner,,1300 287 910,"Level 3, 6 Show Place",,Addington,Christchurch,5/05/2025,ed329b75c31da2101a9c742a05013168,A1 Technologies New Zealand Limited,a1 technologies new zealand,a1t.com.au,1300287910,"Level 3, 6 Show Place Addington Christchurch NZ",a1 technologies new zealand;a1t.com.au;1300287910,0870e0d033c91e10a0c67c845d5c7bc7;5d57bbcc33c51e10a0c67c845d5c7b2c;ed329b75c31da2101a9c742a05013168,duplicate company or domain
702298.0,6e56d62e1bd8a9d0d1f74119b04bcb92,A23 PTY. LTD. (NZ),a23.com.au,NZ,,Partner,,,"Level 4, 10 Hobart Place",,Canberra,ACT,13/01/2023,6e56d62e1bd8a9d0d1f74119b04bcb92,A23 PTY. LTD. (NZ),a23 nz,a23.com.au,,"Level 4, 10 Hobart Place Canberra ACT NZ",a23 nz;a23.com.au;,6e56d62e1bd8a9d0d1f74119b04bcb92;880eac8287959550852d0e170cbb35b0,duplicate company or domain
700695.0,44005aec1b8f6850d5d38738dc4bcb04,New Zealand Automobile Association,aa.co.nz,NZ,End User,,,,"Level 5, 20 Viaduct Harbour Avenue",,Auckland,.,19/03/2021,44005aec1b8f6850d5d38738dc4bcb04,New Zealand Automobile Association,new zealand automobile,aa.co.nz,,"Level 5, 20 Viaduct Harbour Avenue Auckland . NZ",new zealand automobile;aa.co.nz;,02abe0c51ba349d0a18b311d0d4bcbe1;44005aec1b8f6850d5d38738dc4bcb04,duplicate company or domain
700419.0,ed1016201bcf6850d5d38738dc4bcb89,AA Life,aainsurance.co.nz,NZ,End User,,,,,,,NI,19/03/2021,ed1016201bcf6850d5d38738dc4bcb89,AA Life,aa life,aainsurance.co.nz,,NI NZ,aa life;aainsurance.co.nz;,59f83c1f87cea5d0852d0e170cbb35ad;ed1016201bcf6850d5d38738dc4bcb89,duplicate company or domain
209652.0,9c489edb33b34210a0c67c845d5c7b0e,AAW GROUP HOLDINGS PTY LTD,aawglobal.com.au,AU,End User,,,,,,,,9/08/2024,9c489edb33b34210a0c67c845d5c7b0e,AAW GROUP HOLDINGS PTY LTD,aaw group holdings,aawglobal.com.au,,AU,aaw group holdings;aawglobal.com.au;,641b492783758a5058f18798beaad3c1;9c489edb33b34210a0c67c845d5c7b0e,duplicate company or domain
204053.0,f8ea7c081b7380108321311d0d4bcb11,Austcor Packaging,abbe.com.au,AU,End User,,,,"Wetherill Park indstrial Estate, 159-163",,,NSW,22/03/2020,f8ea7c081b7380108321311d0d4bcb11,Austcor Packaging,austcor packaging,abbe.com.au,,"Wetherill Park indstrial Estate, 159-163 NSW AU",austcor packaging;abbe.com.au;,bc9aeb0b1be471d0b37020e6b04bcb2d;f8ea7c081b7380108321311d0d4bcb11,duplicate company or domain
203635.0,8b0b30881b7380108321311d0d4bcba5,ABBOT POINT OPERATIONS PTY LTD,abbotpointoperations.com.au,AU,End User,,,,Abbot Point Coal Terminal via Bowen,,Bowen,QLD,22/03/2020,8b0b30881b7380108321311d0d4bcba5,ABBOT POINT OPERATIONS PTY LTD,abbot point operations,abbotpointoperations.com.au,,Abbot Point Coal Terminal via Bowen Bowen QLD AU,abbot point operations;abbotpointoperations.com.au;,0f6a34441b7380108321311d0d4bcb3e;8b0b30881b7380108321311d0d4bcba5,duplicate company or domain
202710.0,c0faf0481b7380108321311d0d4bcb1f,Redflow Limited,abc.net.au,AU,End User,,,,27 Counihan Road,,Seventeen Mile Rocks,QLD,22/03/2020,c0faf0481b7380108321311d0d4bcb1f,Redflow Limited,redflow,abc.net.au,,27 Counihan Road Seventeen Mile Rocks QLD AU,redflow;abc.net.au;,36da38081b7380108321311d0d4bcbd9;aab528ea83a5e21058f18798beaad30f;c0faf0481b7380108321311d0d4bcb1f;c4faf0481b7380108321311d0d4bcb21,duplicate company or domain
703873.0,aab528ea83a5e21058f18798beaad30f,Roma Petroleum,abc.net.au,NZ,End User,,,,,,,,19/05/2025,aab528ea83a5e21058f18798beaad30f,Roma Petroleum,roma petroleum,abc.net.au,,NZ,roma petroleum;abc.net.au;,36da38081b7380108321311d0d4bcbd9;aab528ea83a5e21058f18798beaad30f;c0faf0481b7380108321311d0d4bcb1f;c4faf0481b7380108321311d0d4bcb21,duplicate company or domain
202712.0,c4faf0481b7380108321311d0d4bcb21,Your Digital File,abc.net.au,AU,End User,,,,GPO Box 187,,Brisbane,QLD,22/03/2020,c4faf0481b7380108321311d0d4bcb21,Your Digital File,your digital file,abc.net.au,,GPO Box 187 Brisbane QLD AU,your digital file;abc.net.au;,36da38081b7380108321311d0d4bcbd9;aab528ea83a5e21058f18798beaad30f;c0faf0481b7380108321311d0d4bcb1f;c4faf0481b7380108321311d0d4bcb21,duplicate company or domain
207844.0,6b26f01987add910852d0e170cbb35c3,ABC Tissue Products Pty Ltd,abctissue.com,AU,End User,,,,34 Redfern Street,,Wetherill Park,NSW,25/08/2022,6b26f01987add910852d0e170cbb35c3,ABC Tissue Products Pty Ltd,abc tissue products,abctissue.com,,34 Redfern Street Wetherill Park NSW AU,abc tissue products;abctissue.com;,6b26f01987add910852d0e170cbb35c3;b982dc4f3368ea506049b4646d5c7b74,duplicate company or domain
207633.0,394698a81b885110d1f74119b04bcb19,ABI INTERNATIONAL PTY LTD,abiinteriors.com.au,AU,End User,,,,,,,,9/06/2022,394698a81b885110d1f74119b04bcb19,ABI INTERNATIONAL PTY LTD,abi international,abiinteriors.com.au,,AU,abi international;abiinteriors.com.au;,394698a81b885110d1f74119b04bcb19;a0c84b61c3569a901a9c742a05013127,duplicate company or domain
201427.0,a89a74841b7380108321311d0d4bcbd5,Arnold Bloch Leibler,abl.com.au,AU,End User,,,'+61 3 9229 9999,"Level 21, 333 Collins Street",,Melbourne,VIC,22/03/2020,a89a74841b7380108321311d0d4bcbd5,Arnold Bloch Leibler,arnold bloch leibler,abl.com.au,61392299999,"Level 21, 333 Collins Street Melbourne VIC AU",arnold bloch leibler;abl.com.au;61392299999,a89a74841b7380108321311d0d4bcbd5;ee0bfc481b7380108321311d0d4bcbbc,duplicate company or domain
202875.0,879ab8841b7380108321311d0d4bcb98,ABN AMRO Clearing Tokyo Co Ltd,abnamroclearing.com,AU,End User,,,,,,,Tokyo,22/03/2020,879ab8841b7380108321311d0d4bcb98,ABN AMRO Clearing Tokyo Co Ltd,abn amro clearing tokyo,abnamroclearing.com,,Tokyo AU,abn amro clearing tokyo;abnamroclearing.com;,0bca70081b7380108321311d0d4bcb88;879ab8841b7380108321311d0d4bcb98,duplicate company or domain
702414.0,bdb1b9cd1bd83910b37020e6b04bcb7d,Accident Compensation Corporation,acc.co.nz,NZ,End User,,,,Justice Centre 19 Aitken Street ,,,Wellington,26/07/2023,bdb1b9cd1bd83910b37020e6b04bcb7d,Accident Compensation Corporation,accident compensation,acc.co.nz,,Justice Centre 19 Aitken Street Wellington NZ,accident compensation;acc.co.nz;,bdb1b9cd1bd83910b37020e6b04bcb7d;d9ffc2ec1b8f6850d5d38738dc4bcb24,duplicate company or domain
205495.0,047b704c1b7380108321311d0d4bcb64,AUSTRALIAN COMPETITION & CONSUMER COMMISSION,accc.gov.au,AU,End User,,,,,,,ACT,22/03/2020,047b704c1b7380108321311d0d4bcb64,AUSTRALIAN COMPETITION & CONSUMER COMMISSION,australian competition and consumer commission,accc.gov.au,,ACT AU,australian competition and consumer commission;accc.gov.au;,047b704c1b7380108321311d0d4bcb64;04ca3cc41b7380108321311d0d4bcb24;379a3c841b7380108321311d0d4bcb2f;43a40313c3669e541a9c742a050131af;5a2a4331db47349036e3d383f396192f;9ca118fa83829a5058f18798beaad3ed;a1baf4c41b7380108321311d0d4bcb86;a8bda54783975e5058f18798beaad3d1;a90b7c481b7380108321311d0d4bcbd8;c40032e51b879950b37020e6b04bcb03;c50b3c481b7380108321311d0d4bcbd0;cb59c2311bbcbc909d4e21fc274bcb05;cfca70081b7380108321311d0d4bcbb8,duplicate company or domain
204905.0,c50b3c481b7380108321311d0d4bcbd0,Australian Competition and Consumer Commission (ACCC),accc.gov.au,AU,End User,,,,,,,ACT,22/03/2020,c50b3c481b7380108321311d0d4bcbd0,Australian Competition and Consumer Commission (ACCC),australian competition and consumer commission accc,accc.gov.au,,ACT AU,australian competition and consumer commission accc;accc.gov.au;,047b704c1b7380108321311d0d4bcb64;04ca3cc41b7380108321311d0d4bcb24;379a3c841b7380108321311d0d4bcb2f;43a40313c3669e541a9c742a050131af;5a2a4331db47349036e3d383f396192f;9ca118fa83829a5058f18798beaad3ed;a1baf4c41b7380108321311d0d4bcb86;a8bda54783975e5058f18798beaad3d1;a90b7c481b7380108321311d0d4bcbd8;c40032e51b879950b37020e6b04bcb03;c50b3c481b7380108321311d0d4bcbd0;cb59c2311bbcbc909d4e21fc274bcb05;cfca70081b7380108321311d0d4bcbb8,duplicate company or domain
204679.0,a1baf4c41b7380108321311d0d4bcb86,Bowling Centres Australia Pty Limited,accc.gov.au,AU,End User,,,,8/60 Miller St,,North Sydney,NSW,22/03/2020,a1baf4c41b7380108321311d0d4bcb86,Bowling Centres Australia Pty Limited,bowling centres australia,accc.gov.au,,8/60 Miller St North Sydney NSW AU,bowling centres australia;accc.gov.au;,047b704c1b7380108321311d0d4bcb64;04ca3cc41b7380108321311d0d4bcb24;379a3c841b7380108321311d0d4bcb2f;43a40313c3669e541a9c742a050131af;5a2a4331db47349036e3d383f396192f;9ca118fa83829a5058f18798beaad3ed;a1baf4c41b7380108321311d0d4bcb86;a8bda54783975e5058f18798beaad3d1;a90b7c481b7380108321311d0d4bcbd8;c40032e51b879950b37020e6b04bcb03;c50b3c481b7380108321311d0d4bcbd0;cb59c2311bbcbc909d4e21fc274bcb05;cfca70081b7380108321311d0d4bcbb8,duplicate company or domain
204996.0,379a3c841b7380108321311d0d4bcb2f,Catholic Negotiating Alliance,accc.gov.au,AU,End User,,,,Raymond Terrace,,South Brisbane,QLD,22/03/2020,379a3c841b7380108321311d0d4bcb2f,Catholic Negotiating Alliance,catholic negotiating alliance,accc.gov.au,,Raymond Terrace South Brisbane QLD AU,catholic negotiating alliance;accc.gov.au;,047b704c1b7380108321311d0d4bcb64;04ca3cc41b7380108321311d0d4bcb24;379a3c841b7380108321311d0d4bcb2f;43a40313c3669e541a9c742a050131af;5a2a4331db47349036e3d383f396192f;9ca118fa83829a5058f18798beaad3ed;a1baf4c41b7380108321311d0d4bcb86;a8bda54783975e5058f18798beaad3d1;a90b7c481b7380108321311d0d4bcbd8;c40032e51b879950b37020e6b04bcb03;c50b3c481b7380108321311d0d4bcbd0;cb59c2311bbcbc909d4e21fc274bcb05;cfca70081b7380108321311d0d4bcbb8,duplicate company or domain
210817.0,9ca118fa83829a5058f18798beaad3ed,CLA TRADING PTY LTD,accc.gov.au,AU,,Partner,,,,,,,27/11/2024,9ca118fa83829a5058f18798beaad3ed,CLA TRADING PTY LTD,cla trading,accc.gov.au,,AU,cla trading;accc.gov.au;,047b704c1b7380108321311d0d4bcb64;04ca3cc41b7380108321311d0d4bcb24;379a3c841b7380108321311d0d4bcb2f;43a40313c3669e541a9c742a050131af;5a2a4331db47349036e3d383f396192f;9ca118fa83829a5058f18798beaad3ed;a1baf4c41b7380108321311d0d4bcb86;a8bda54783975e5058f18798beaad3d1;a90b7c481b7380108321311d0d4bcbd8;c40032e51b879950b37020e6b04bcb03;c50b3c481b7380108321311d0d4bcbd0;cb59c2311bbcbc909d4e21fc274bcb05;cfca70081b7380108321311d0d4bcbb8,duplicate company or domain
211349.0,43a40313c3669e541a9c742a050131af,Eastpoint Pty Ltd,accc.gov.au,AU,,Partner,,,,,,,24/12/2024,43a40313c3669e541a9c742a050131af,Eastpoint Pty Ltd,eastpoint,accc.gov.au,,AU,eastpoint;accc.gov.au;,047b704c1b7380108321311d0d4bcb64;04ca3cc41b7380108321311d0d4bcb24;379a3c841b7380108321311d0d4bcb2f;43a40313c3669e541a9c742a050131af;5a2a4331db47349036e3d383f396192f;9ca118fa83829a5058f18798beaad3ed;a1baf4c41b7380108321311d0d4bcb86;a8bda54783975e5058f18798beaad3d1;a90b7c481b7380108321311d0d4bcbd8;c40032e51b879950b37020e6b04bcb03;c50b3c481b7380108321311d0d4bcbd0;cb59c2311bbcbc909d4e21fc274bcb05;cfca70081b7380108321311d0d4bcbb8,duplicate company or domain
201234.0,04ca3cc41b7380108321311d0d4bcb24,GLOBAL GOSSIP COMMUNICATIONS PTY LTD,accc.gov.au,AU,,Partner,,,14 Wentworth Avenue,,Surry Hills,NSW,22/03/2020,04ca3cc41b7380108321311d0d4bcb24,GLOBAL GOSSIP COMMUNICATIONS PTY LTD,global gossip communications,accc.gov.au,,14 Wentworth Avenue Surry Hills NSW AU,global gossip communications;accc.gov.au;,047b704c1b7380108321311d0d4bcb64;04ca3cc41b7380108321311d0d4bcb24;379a3c841b7380108321311d0d4bcb2f;43a40313c3669e541a9c742a050131af;5a2a4331db47349036e3d383f396192f;9ca118fa83829a5058f18798beaad3ed;a1baf4c41b7380108321311d0d4bcb86;a8bda54783975e5058f18798beaad3d1;a90b7c481b7380108321311d0d4bcbd8;c40032e51b879950b37020e6b04bcb03;c50b3c481b7380108321311d0d4bcbd0;cb59c2311bbcbc909d4e21fc274bcb05;cfca70081b7380108321311d0d4bcbb8,duplicate company or domain
211780.0,a8bda54783975e5058f18798beaad3d1,IPIC PTY LTD,accc.gov.au,AU,End User,,,,,,,,29/01/2025,a8bda54783975e5058f18798beaad3d1,IPIC PTY LTD,ipic,accc.gov.au,,AU,ipic;accc.gov.au;,047b704c1b7380108321311d0d4bcb64;04ca3cc41b7380108321311d0d4bcb24;379a3c841b7380108321311d0d4bcb2f;43a40313c3669e541a9c742a050131af;5a2a4331db47349036e3d383f396192f;9ca118fa83829a5058f18798beaad3ed;a1baf4c41b7380108321311d0d4bcb86;a8bda54783975e5058f18798beaad3d1;a90b7c481b7380108321311d0d4bcbd8;c40032e51b879950b37020e6b04bcb03;c50b3c481b7380108321311d0d4bcbd0;cb59c2311bbcbc909d4e21fc274bcb05;cfca70081b7380108321311d0d4bcbb8,duplicate company or domain
208056.0,c40032e51b879950b37020e6b04bcb03,PRIVITY PTY. LTD.,accc.gov.au,AU,End User,,,,,,,,9/11/2022,c40032e51b879950b37020e6b04bcb03,PRIVITY PTY. LTD.,privity,accc.gov.au,,AU,privity;accc.gov.au;,047b704c1b7380108321311d0d4bcb64;04ca3cc41b7380108321311d0d4bcb24;379a3c841b7380108321311d0d4bcb2f;43a40313c3669e541a9c742a050131af;5a2a4331db47349036e3d383f396192f;9ca118fa83829a5058f18798beaad3ed;a1baf4c41b7380108321311d0d4bcb86;a8bda54783975e5058f18798beaad3d1;a90b7c481b7380108321311d0d4bcbd8;c40032e51b879950b37020e6b04bcb03;c50b3c481b7380108321311d0d4bcbd0;cb59c2311bbcbc909d4e21fc274bcb05;cfca70081b7380108321311d0d4bcbb8,duplicate company or domain
207000.0,5a2a4331db47349036e3d383f396192f,TBC GROUP PTY LTD,accc.gov.au,AU,,Partner,,03 92361500,"Level 2, 3-7 Hamilton St",,Mont Albert,VIC,8/10/2021,5a2a4331db47349036e3d383f396192f,TBC GROUP PTY LTD,tbc group,accc.gov.au,0392361500,"Level 2, 3-7 Hamilton St Mont Albert VIC AU",tbc group;accc.gov.au;0392361500,047b704c1b7380108321311d0d4bcb64;04ca3cc41b7380108321311d0d4bcb24;379a3c841b7380108321311d0d4bcb2f;43a40313c3669e541a9c742a050131af;5a2a4331db47349036e3d383f396192f;9ca118fa83829a5058f18798beaad3ed;a1baf4c41b7380108321311d0d4bcb86;a8bda54783975e5058f18798beaad3d1;a90b7c481b7380108321311d0d4bcbd8;c40032e51b879950b37020e6b04bcb03;c50b3c481b7380108321311d0d4bcbd0;cb59c2311bbcbc909d4e21fc274bcb05;cfca70081b7380108321311d0d4bcbb8,duplicate company or domain
206789.0,cb59c2311bbcbc909d4e21fc274bcb05,Yoogalu Pty Ltd,accc.gov.au,AU,End User,,,,,,,,18/06/2021,cb59c2311bbcbc909d4e21fc274bcb05,Yoogalu Pty Ltd,yoogalu,accc.gov.au,,AU,yoogalu;accc.gov.au;,047b704c1b7380108321311d0d4bcb64;04ca3cc41b7380108321311d0d4bcb24;379a3c841b7380108321311d0d4bcb2f;43a40313c3669e541a9c742a050131af;5a2a4331db47349036e3d383f396192f;9ca118fa83829a5058f18798beaad3ed;a1baf4c41b7380108321311d0d4bcb86;a8bda54783975e5058f18798beaad3d1;a90b7c481b7380108321311d0d4bcbd8;c40032e51b879950b37020e6b04bcb03;c50b3c481b7380108321311d0d4bcbd0;cb59c2311bbcbc909d4e21fc274bcb05;cfca70081b7380108321311d0d4bcbb8,duplicate company or domain
203972.0,a90b7c481b7380108321311d0d4bcbd8,Yoogalu Pty Ltd,accc.gov.au,AU,End User,,,,Locked Bag No 2,,Sydney,NSW,22/03/2020,a90b7c481b7380108321311d0d4bcbd8,Yoogalu Pty Ltd,yoogalu,accc.gov.au,,Locked Bag No 2 Sydney NSW AU,yoogalu;accc.gov.au;,047b704c1b7380108321311d0d4bcb64;04ca3cc41b7380108321311d0d4bcb24;379a3c841b7380108321311d0d4bcb2f;43a40313c3669e541a9c742a050131af;5a2a4331db47349036e3d383f396192f;9ca118fa83829a5058f18798beaad3ed;a1baf4c41b7380108321311d0d4bcb86;a8bda54783975e5058f18798beaad3d1;a90b7c481b7380108321311d0d4bcbd8;c40032e51b879950b37020e6b04bcb03;c50b3c481b7380108321311d0d4bcbd0;cb59c2311bbcbc909d4e21fc274bcb05;cfca70081b7380108321311d0d4bcbb8,duplicate company or domain
900188.0,6d90b5051bef15d0b37020e6b04bcbb8,"Accentrex Global Technologies, Inc.(SGP)",accentrex.com.ph,PH,End User,,,,"SPACE A, UNIT L24, PETRON MEGAPLAZA OFFICE","CONDOMINIUM BUILDING, 358","SEN. GIL PUYAT AVE, Makati Philippines",,2/12/2022,6d90b5051bef15d0b37020e6b04bcbb8,"Accentrex Global Technologies, Inc.(SGP)",accentrex global technologies sgp,accentrex.com.ph,,"SPACE A, UNIT L24, PETRON MEGAPLAZA OFFICE SEN. GIL PUYAT AVE, Makati Philippines PH",accentrex global technologies sgp;accentrex.com.ph;,424819d51b9ced90d1f74119b04bcb98;6d90b5051bef15d0b37020e6b04bcbb8,duplicate company or domain
200353.0,fcaa7c841b7380108321311d0d4bcbe6,Accenture Australia Holdings Pty Ltd,accenture.com,AU,,Partner,,'+61 2 9005 5000,48 Pirrama Rd,,Pyrmont,NSW,22/03/2020,fcaa7c841b7380108321311d0d4bcbe6,Accenture Australia Holdings Pty Ltd,accenture australia holdings,accenture.com,61290055000,48 Pirrama Rd Pyrmont NSW AU,accenture australia holdings;accenture.com;61290055000,095f521f1bf2b4509bdc98eb274bcb9a;8eff06ec1b8f6850d5d38738dc4bcbae;b8aabc841b7380108321311d0d4bcb2f;dbd39ffe1b37a950b37020e6b04bcb3e;fcaa7c841b7380108321311d0d4bcbe6,duplicate company or domain
200171.0,b8aabc841b7380108321311d0d4bcb2f,Accenture Australia Pty Ltd,accenture.com,AU,,Partner,,'+61 2 9005 5000,3 SUSSEX STREET  ,BARANGAROO,SYDNEY,NSW,22/03/2020,b8aabc841b7380108321311d0d4bcb2f,Accenture Australia Pty Ltd,accenture australia,accenture.com,61290055000,3 SUSSEX STREET SYDNEY NSW AU,accenture australia;accenture.com;61290055000,095f521f1bf2b4509bdc98eb274bcb9a;8eff06ec1b8f6850d5d38738dc4bcbae;b8aabc841b7380108321311d0d4bcb2f;dbd39ffe1b37a950b37020e6b04bcb3e;fcaa7c841b7380108321311d0d4bcbe6,duplicate company or domain
900417.0,dbd39ffe1b37a950b37020e6b04bcb3e,Accenture Inc.,accenture.com,PH,,Partner,,,"Robinsons Cybergate Towers 1,","2 And 3, EDSA cor. Pioneer Street, ",Mandaluyong City,,7/07/2023,dbd39ffe1b37a950b37020e6b04bcb3e,Accenture Inc.,accenture,accenture.com,,"Robinsons Cybergate Towers 1, Mandaluyong City PH",accenture;accenture.com;,095f521f1bf2b4509bdc98eb274bcb9a;8eff06ec1b8f6850d5d38738dc4bcbae;b8aabc841b7380108321311d0d4bcb2f;dbd39ffe1b37a950b37020e6b04bcb3e;fcaa7c841b7380108321311d0d4bcbe6,duplicate company or domain
701526.0,8eff06ec1b8f6850d5d38738dc4bcbae,Accenture New Zealand Ltd,accenture.com,NZ,,Partner,,,"Level 12, 125 Queen ST",,Auckland,,19/03/2021,8eff06ec1b8f6850d5d38738dc4bcbae,Accenture New Zealand Ltd,accenture new zealand,accenture.com,,"Level 12, 125 Queen ST Auckland NZ",accenture new zealand;accenture.com;,095f521f1bf2b4509bdc98eb274bcb9a;8eff06ec1b8f6850d5d38738dc4bcbae;b8aabc841b7380108321311d0d4bcb2f;dbd39ffe1b37a950b37020e6b04bcb3e;fcaa7c841b7380108321311d0d4bcbe6,duplicate company or domain
203486.0,778a34841b7380108321311d0d4bcb66,AccessHQ,accesshq.com,AU,,Partner,,07 3247 1023,"PO Box 3713,",,South Brisbane,QLD,22/03/2020,778a34841b7380108321311d0d4bcb66,AccessHQ,accesshq,accesshq.com,0732471023,"PO Box 3713, South Brisbane QLD AU",accesshq;accesshq.com;0732471023,66ea30481b7380108321311d0d4bcb4f;778a34841b7380108321311d0d4bcb66,duplicate company or domain
209717.0,d7676fa333189250a0c67c845d5c7bbb,ACCIONA CONSTRUCTION AUSTRALIA PTY LTD & COBRA ASIA PACIFIC PTY LTD,acciona.com.au,AU,End User,,,,,,,,4/09/2024,d7676fa333189250a0c67c845d5c7bbb,ACCIONA CONSTRUCTION AUSTRALIA PTY LTD & COBRA ASIA PACIFIC PTY LTD,acciona construction australia and cobra asia pacific,acciona.com.au,,AU,acciona construction australia and cobra asia pacific;acciona.com.au;,7c58a2cd331c1210a0c67c845d5c7b64;d2daf4081b7380108321311d0d4bcbd1;d7676fa333189250a0c67c845d5c7bbb,duplicate company or domain
202489.0,d2daf4081b7380108321311d0d4bcbd1,ACCIONA INFRASTRUCTURE AUSTRALIA PTY LTD & FERROVIAL AGROMAN (AUSTRALIA) PTY. LTD.,acciona.com.au,AU,End User,,,,"Level 5, 88 Creek Street",,Brisbane,QLD,22/03/2020,d2daf4081b7380108321311d0d4bcbd1,ACCIONA INFRASTRUCTURE AUSTRALIA PTY LTD & FERROVIAL AGROMAN (AUSTRALIA) PTY. LTD.,acciona infrastructure australia and ferrovial agroman australia,acciona.com.au,,"Level 5, 88 Creek Street Brisbane QLD AU",acciona infrastructure australia and ferrovial agroman australia;acciona.com.au;,7c58a2cd331c1210a0c67c845d5c7b64;d2daf4081b7380108321311d0d4bcbd1;d7676fa333189250a0c67c845d5c7bbb,duplicate company or domain
200590.0,f8aabc841b7380108321311d0d4bcb08,Accucom Systems Integration Pty Limited,accucom.com.au,AU,,Partner,,'+61 2 8825 5555,"Unit 25, 11 Brookhollow Ave, Norwest Business Park",,Baulkham Hills,NSW,22/03/2020,f8aabc841b7380108321311d0d4bcb08,Accucom Systems Integration Pty Limited,accucom systems integration,accucom.com.au,61288255555,"Unit 25, 11 Brookhollow Ave, Norwest Business Park Baulkham Hills NSW AU",accucom systems integration;accucom.com.au;61288255555,5e7a78441b7380108321311d0d4bcbe7;f8aabc841b7380108321311d0d4bcb08,duplicate company or domain
205456.0,cf8af0841b7380108321311d0d4bcb02,Australian Children's Education & Care Quality Authority,acecqa.gov.au,AU,End User,,,,175 Liverpool Street,,Sydney,NSW,22/03/2020,cf8af0841b7380108321311d0d4bcb02,Australian Children's Education & Care Quality Authority,australian children s education and care quality authority,acecqa.gov.au,,175 Liverpool Street Sydney NSW AU,australian children s education and care quality authority;acecqa.gov.au;,752a51403334a6906049b4646d5c7bb7;cf8af0841b7380108321311d0d4bcb02,duplicate company or domain
212530.0,6bb89747339c2a106049b4646d5c7b7f,Australasian College of Emergency Medicine,acem.org.au,AU,End User,,,,,,,,20/03/2025,6bb89747339c2a106049b4646d5c7b7f,Australasian College of Emergency Medicine,australasian college of emergency medicine,acem.org.au,,AU,australasian college of emergency medicine;acem.org.au;,6bb89747339c2a106049b4646d5c7b7f;b75372e51b1a3050a18b311d0d4bcb6e,duplicate company or domain
202928.0,d76a34441b7380108321311d0d4bcb5f,AGED CARE & HOUSING GROUP INC,achgroup.org.au,AU,End User,,,'+61 (08) 8159 3600,22 Henley Beach Road,,Mile End,SA,22/03/2020,d76a34441b7380108321311d0d4bcb5f,AGED CARE & HOUSING GROUP INC,aged care and housing group,achgroup.org.au,610881593600,22 Henley Beach Road Mile End SA AU,aged care and housing group;achgroup.org.au;610881593600,20f88f98db3a741036e3d383f3961940;d76a34441b7380108321311d0d4bcb5f,duplicate company or domain
207488.0,c65d251e1b43cd109d4e21fc274bcbe9,Australian Communications And Media Authority-VIC,acma.gov.au,AU,,Partner,,,360 Elizabeth St,,Melbourne,VIC,26/04/2022,c65d251e1b43cd109d4e21fc274bcbe9,Australian Communications And Media Authority-VIC,australian communications and media authority-vic,acma.gov.au,,360 Elizabeth St Melbourne VIC AU,australian communications and media authority-vic;acma.gov.au;,a4ba74c41b7380108321311d0d4bcba7;c65d251e1b43cd109d4e21fc274bcbe9,duplicate company or domain
701393.0,01ff82ec1b8f6850d5d38738dc4bcb5c,Advanced Computer Solutions Ltd,acsdata.co.nz,NZ,,Partner,,049392200,PO BOX 38-329,,Wellington Mail Centre,,19/03/2021,01ff82ec1b8f6850d5d38738dc4bcb5c,Advanced Computer Solutions Ltd,advanced computer solutions,acsdata.co.nz,049392200,PO BOX 38-329 Wellington Mail Centre NZ,advanced computer solutions;acsdata.co.nz;049392200,01ff82ec1b8f6850d5d38738dc4bcb5c;50cfc351339892106049b4646d5c7b7d,duplicate company or domain
202124.0,d6eafc081b7380108321311d0d4bcbcf,ACT HEALTH,act.gov.au,AU,End User,,,1300 555 727,"Level 3, 11 Moore Street",,Canberra City,ACT,22/03/2020,d6eafc081b7380108321311d0d4bcbcf,ACT HEALTH,act health,act.gov.au,1300555727,"Level 3, 11 Moore Street Canberra City ACT AU",act health;act.gov.au;1300555727,27e286e1c33d1e101a9c742a05013141;2acc169bc3fd2e501a9c742a05013133;5c9bf88c1b7380108321311d0d4bcb9c;d6eafc081b7380108321311d0d4bcbcf,duplicate company or domain
213443.0,2acc169bc3fd2e501a9c742a05013133,INFRASTRUCTURE CANBERRA,act.gov.au,AU,,Partner,,(02) 6207 5542,Callam Offices Level 3,,Philip,ACT ,3/06/2025,2acc169bc3fd2e501a9c742a05013133,INFRASTRUCTURE CANBERRA,infrastructure canberra,act.gov.au,0262075542,Callam Offices Level 3 Philip ACT AU,infrastructure canberra;act.gov.au;0262075542,27e286e1c33d1e101a9c742a05013141;2acc169bc3fd2e501a9c742a05013133;5c9bf88c1b7380108321311d0d4bcb9c;d6eafc081b7380108321311d0d4bcbcf,duplicate company or domain
210730.0,27e286e1c33d1e101a9c742a05013141,Major Projects Canberra,act.gov.au,AU,End User,,,,Callam Offices Level 3 50 Easty Street,,Canberra,ACT,11/11/2024,27e286e1c33d1e101a9c742a05013141,Major Projects Canberra,major projects canberra,act.gov.au,,Callam Offices Level 3 50 Easty Street Canberra ACT AU,major projects canberra;act.gov.au;,27e286e1c33d1e101a9c742a05013141;2acc169bc3fd2e501a9c742a05013133;5c9bf88c1b7380108321311d0d4bcb9c;d6eafc081b7380108321311d0d4bcbcf,duplicate company or domain
203077.0,6eea30481b7380108321311d0d4bcb53,"Actifio, Inc.",actifio.com,AU,,Partner,Vendor,'+1 781.790.7500,333 Wyman Street,,Waltham,MA,22/03/2020,6eea30481b7380108321311d0d4bcb53,"Actifio, Inc.",actifio,actifio.com,17817907500,333 Wyman Street Waltham MA AU,actifio;actifio.com;17817907500,6eea30481b7380108321311d0d4bcb53;d26bb80c1b7380108321311d0d4bcbfd,duplicate company or domain
203388.0,fd0bbc481b7380108321311d0d4bcb88,Active Sites Alive Pty Ltd (T/as Active Display Group),activedisplay.com.au,AU,End User,,,,23 Fiveways Boulevarde,,"Keysborough,",VIC,22/03/2020,fd0bbc481b7380108321311d0d4bcb88,Active Sites Alive Pty Ltd (T/as Active Display Group),active sites alive t/as active display group,activedisplay.com.au,,"23 Fiveways Boulevarde Keysborough, VIC AU",active sites alive t/as active display group;activedisplay.com.au;,7aea30481b7380108321311d0d4bcb99;fd0bbc481b7380108321311d0d4bcb88,duplicate company or domain
201997.0,89aabc841b7380108321311d0d4bcbbd,The Trustee for Local Government Superannuation Scheme,activesuper.com.au,AU,End User,,,,,,,QLD,22/03/2020,89aabc841b7380108321311d0d4bcbbd,The Trustee for Local Government Superannuation Scheme,trustee for local government superannuation scheme,activesuper.com.au,,QLD AU,trustee for local government superannuation scheme;activesuper.com.au;,091b34881b7380108321311d0d4bcb87;89aabc841b7380108321311d0d4bcbbd,duplicate company or domain
211803.0,3b04dfa7c35f12901a9c742a05013119,BA Cowell & RM Wilford - T/as activsync IT,activsync.com.au,AU,,Partner,,0413 930 181,27 Bayview Ave,,Haywards Bay,NSW,31/01/2025,3b04dfa7c35f12901a9c742a05013119,BA Cowell & RM Wilford - T/as activsync IT,ba cowell and rm wilford - t/as activsync it,activsync.com.au,0413930181,27 Bayview Ave Haywards Bay NSW AU,ba cowell and rm wilford - t/as activsync it;activsync.com.au;0413930181,3b04dfa7c35f12901a9c742a05013119;4a21752383c6529058f18798beaad3ec,duplicate company or domain
211905.0,fa550a618367d61058f18798beaad3db,ACUMENTIS GROUP LIMITED,acumentis.com.au,AU,End User,,,,,,,,6/02/2025,fa550a618367d61058f18798beaad3db,ACUMENTIS GROUP LIMITED,acumentis group,acumentis.com.au,,AU,acumentis group;acumentis.com.au;,c609aa41c30686901a9c742a050131f2;fa550a618367d61058f18798beaad3db,duplicate company or domain
900023.0,22921dba1be30110d1f74119b04bcb38,Asian Development Bank (ADB),adb.org,PH,End User,,,,,,,,23/05/2022,22921dba1be30110d1f74119b04bcb38,Asian Development Bank (ADB),asian development bank adb,adb.org,,PH,asian development bank adb;adb.org;,22921dba1be30110d1f74119b04bcb38;34234f5f1bdfcd90a18b311d0d4bcb05,duplicate company or domain
205369.0,3a9ded441b7780108321311d0d4bcb43,Australian Dental Council,adc.org.au,AU,End User,,,,Level 6/469 La Trobe St,,Melbourne,VIC,22/03/2020,3a9ded441b7780108321311d0d4bcb43,Australian Dental Council,australian dental council,adc.org.au,,Level 6/469 La Trobe St Melbourne VIC AU,australian dental council;adc.org.au;,151b74881b7380108321311d0d4bcb32;3a9ded441b7780108321311d0d4bcb43,duplicate company or domain
700839.0,cd10d2201bcf6850d5d38738dc4bcb32,Adecco NZ Limited,adecco.com.au,NZ,End User,,,,Level 1 191 Queen St,,Auckland,&quot;.&quot;,19/03/2021,cd10d2201bcf6850d5d38738dc4bcb32,Adecco NZ Limited,adecco nz,adecco.com.au,,Level 1 191 Queen St Auckland &quot;.&quot; NZ,adecco nz;adecco.com.au;,cd10d2201bcf6850d5d38738dc4bcb32;ff6a74441b7380108321311d0d4bcb8e,duplicate company or domain
600121.0,1ce1a9041b3db950b37020e6b04bcb78,PT. Adhisakti Solusi Komputindo,adhisakti.com,INDO,,Partner,,,,,,,6/10/2023,1ce1a9041b3db950b37020e6b04bcb78,PT. Adhisakti Solusi Komputindo,adhisakti solusi komputindo,adhisakti.com,,INDO,adhisakti solusi komputindo;adhisakti.com;,1ce1a9041b3db950b37020e6b04bcb78;7d202d4c1b3d7990d1f74119b04bcb1f,duplicate company or domain
203871.0,d70b70881b7380108321311d0d4bcb44,Adnet Technology Australia Pty Limited,adnet-technology.com.au,AU,,Partner,,,"Level 3, 171 Clarence Street,",,Sydney,NSW,22/03/2020,d70b70881b7380108321311d0d4bcb44,Adnet Technology Australia Pty Limited,adnet technology australia,adnet-technology.com.au,,"Level 3, 171 Clarence Street, Sydney NSW AU",adnet technology australia;adnet-technology.com.au;,b06bb40c1b7380108321311d0d4bcb75;d70b70881b7380108321311d0d4bcb44,duplicate company or domain
703891.0,d05c66cf83652a1058f18798beaad322,Arthur D.Riley & Co Ltd,adriley.co.nz,NZ,End User,,,,137 Thorndon Quay,,Wellington ,,21/05/2025,d05c66cf83652a1058f18798beaad322,Arthur D.Riley & Co Ltd,arthur d.riley and,adriley.co.nz,,137 Thorndon Quay Wellington NZ,arthur d.riley and;adriley.co.nz;,d05c66cf83652a1058f18798beaad322;d3f1929f33734210a0c67c845d5c7b71,duplicate company or domain
209452.0,754d924b83e64e5058f18798beaad39f,Advara HeartCare,advaraheartcare.com,AU,End User,,,,,,,,7/06/2024,754d924b83e64e5058f18798beaad39f,Advara HeartCare,advara heartcare,advaraheartcare.com,,AU,advara heartcare;advaraheartcare.com;,7169305a334c62d06049b4646d5c7be8;754d924b83e64e5058f18798beaad39f,duplicate company or domain
202179.0,127ab8441b7380108321311d0d4bcb0d,Advent One Pty Ltd,adventone.com,AU,,Partner,,'+613 9626 5900,L14 HWT Tower,40 City Road,Southbank,VIC,22/03/2020,127ab8441b7380108321311d0d4bcb0d,Advent One Pty Ltd,advent one,adventone.com,61396265900,L14 HWT Tower Southbank VIC AU,advent one;adventone.com;61396265900,127ab8441b7380108321311d0d4bcb0d;9c72e2ab1b69f550b37020e6b04bcbf8,duplicate company or domain
700972.0,b70012201bcf6850d5d38738dc4bcbe2,Electoral Commission,aec.gov.au,NZ,End User,,,,,,,Auckland,19/03/2021,b70012201bcf6850d5d38738dc4bcbe2,Electoral Commission,electoral commission,aec.gov.au,,Auckland NZ,electoral commission;aec.gov.au;,b70012201bcf6850d5d38738dc4bcbe2;ceba38c41b7380108321311d0d4bcb8b,duplicate company or domain
701343.0,bd001eec1b8f6850d5d38738dc4bcb86,AECOM LTD,aecom.com,NZ,End User,,,,,,,,19/03/2021,bd001eec1b8f6850d5d38738dc4bcb86,AECOM LTD,aecom,aecom.com,,NZ,aecom;aecom.com;,bd001eec1b8f6850d5d38738dc4bcb86;e19af4841b7380108321311d0d4bcbce,duplicate company or domain
202217.0,2ddab4081b7380108321311d0d4bcbb4,AUSTRALIAN ENERGY MARKET OPERATOR LIMITED,aemo.com.au,AU,End User,,,,20 Bond St,,Sydney,NSW,22/03/2020,2ddab4081b7380108321311d0d4bcbb4,AUSTRALIAN ENERGY MARKET OPERATOR LIMITED,australian energy market operator,aemo.com.au,,20 Bond St Sydney NSW AU,australian energy market operator;aemo.com.au;,2ddab4081b7380108321311d0d4bcbb4;6f6bfc0c1b7380108321311d0d4bcb57;c7ca70081b7380108321311d0d4bcbbd,duplicate company or domain
200234.0,c7ca70081b7380108321311d0d4bcbbd,Australian Energy Market Operator Ltd,aemo.com.au,AU,End User,,,'+61 7 3347 3908,197 St Georges Terrace,,Perth,WA,22/03/2020,c7ca70081b7380108321311d0d4bcbbd,Australian Energy Market Operator Ltd,australian energy market operator,aemo.com.au,61733473908,197 St Georges Terrace Perth WA AU,australian energy market operator;aemo.com.au;61733473908,2ddab4081b7380108321311d0d4bcbb4;6f6bfc0c1b7380108321311d0d4bcb57;c7ca70081b7380108321311d0d4bcbbd,duplicate company or domain
204818.0,45da74081b7380108321311d0d4bcbb3,EDWF Manager Pty Ltd,aer.gov.au,AU,End User,,,,"L25,  580 George Street,",,SYDNEY,NSW,22/03/2020,45da74081b7380108321311d0d4bcbb3,EDWF Manager Pty Ltd,edwf manager,aer.gov.au,,"L25, 580 George Street, SYDNEY NSW AU",edwf manager;aer.gov.au;,45da74081b7380108321311d0d4bcbb3;a4195b6dc3bed6101a9c742a050131bb;f36a74441b7380108321311d0d4bcb64,duplicate company or domain
211383.0,a4195b6dc3bed6101a9c742a050131bb,Hanrine Properties Pty Ltd,aer.gov.au,AU,End User,,,,,,,,31/12/2024,a4195b6dc3bed6101a9c742a050131bb,Hanrine Properties Pty Ltd,hanrine properties,aer.gov.au,,AU,hanrine properties;aer.gov.au;,45da74081b7380108321311d0d4bcbb3;a4195b6dc3bed6101a9c742a050131bb;f36a74441b7380108321311d0d4bcb64,duplicate company or domain
702354.0,ebab78501be1e1101c3ddc6fcc4bcb59,AUSTRALIAN FOUNDATION INVESTMENT COMPANY LIMITED,afi.com.au,NZ,End User,,,,,,,,9/03/2023,ebab78501be1e1101c3ddc6fcc4bcb59,AUSTRALIAN FOUNDATION INVESTMENT COMPANY LIMITED,australian investment,afi.com.au,,NZ,australian investment;afi.com.au;,ebab78501be1e1101c3ddc6fcc4bcb59;f74f2597db32b45036e3d383f396197f,duplicate company or domain
200872.0,f76a74441b7380108321311d0d4bcbae,Australian Fisheries Management Authority,afma.gov.au,AU,End User,,,'+61 2 6225 5555,"Box 7051, Canberra BC",,Canberra,ACT,22/03/2020,f76a74441b7380108321311d0d4bcbae,Australian Fisheries Management Authority,australian fisheries management authority,afma.gov.au,61262255555,"Box 7051, Canberra BC Canberra ACT AU",australian fisheries management authority;afma.gov.au;61262255555,b88b308c1b7380108321311d0d4bcb68;f76a74441b7380108321311d0d4bcbae,duplicate company or domain
201313.0,bcaabc841b7380108321311d0d4bcb43,Australian Federal Police,afp.gov.au,AU,End User,,,,,,,ACT,22/03/2020,bcaabc841b7380108321311d0d4bcb43,Australian Federal Police,australian federal police,afp.gov.au,,ACT AU,australian federal police;afp.gov.au;,bcaabc841b7380108321311d0d4bcb43;df0b70881b7380108321311d0d4bcb36,duplicate company or domain
212234.0,1838af2033042690a0c67c845d5c7b66,AFPG (For Valentine new Office),afpg.com.au,AU,End User,,,,,,,,28/02/2025,1838af2033042690a0c67c845d5c7b66,AFPG (For Valentine new Office),afpg for valentine new office,afpg.com.au,,AU,afpg for valentine new office;afpg.com.au;,1838af2033042690a0c67c845d5c7b66;2b6e03adc36b92d01a9c742a050131b5;976b6a643340e290a0c67c845d5c7b9b,duplicate company or domain
211916.0,2b6e03adc36b92d01a9c742a050131b5,Australian Financial Planning Group(AFPG),afpg.com.au,AU,End User,,,,,,,,6/02/2025,2b6e03adc36b92d01a9c742a050131b5,Australian Financial Planning Group(AFPG),australian financial planning group afpg,afpg.com.au,,AU,australian financial planning group afpg;afpg.com.au;,1838af2033042690a0c67c845d5c7b66;2b6e03adc36b92d01a9c742a050131b5;976b6a643340e290a0c67c845d5c7b9b,duplicate company or domain
206260.0,0835bacd1b0bd410b8ec33fccc4bcb04,BLONDIE TRADING PTY LTD (T/A Rivet Group),afr.com,AU,End User,,,,,,,,3/09/2020,0835bacd1b0bd410b8ec33fccc4bcb04,BLONDIE TRADING PTY LTD (T/A Rivet Group),blondie trading t/a rivet group,afr.com,,AU,blondie trading t/a rivet group;afr.com;,0835bacd1b0bd410b8ec33fccc4bcb04;4a7bf44c1b7380108321311d0d4bcbdf;4b0b30881b7380108321311d0d4bcbbf;57da14751bd02850a18b311d0d4bcbc7;930b70881b7380108321311d0d4bcb80;a0ca56731bc3fc909bdc98eb274bcbac;e8edd75b1b9db910d1f74119b04bcb1a,duplicate company or domain
204010.0,930b70881b7380108321311d0d4bcb80,BLUE SKY ALTERNATIVE INVESTMENTS LIMITED,afr.com,AU,End User,,,,,,,NSW,22/03/2020,930b70881b7380108321311d0d4bcb80,BLUE SKY ALTERNATIVE INVESTMENTS LIMITED,blue sky alternative investments,afr.com,,NSW AU,blue sky alternative investments;afr.com;,0835bacd1b0bd410b8ec33fccc4bcb04;4a7bf44c1b7380108321311d0d4bcbdf;4b0b30881b7380108321311d0d4bcbbf;57da14751bd02850a18b311d0d4bcbc7;930b70881b7380108321311d0d4bcb80;a0ca56731bc3fc909bdc98eb274bcbac;e8edd75b1b9db910d1f74119b04bcb1a,duplicate company or domain
203687.0,4b0b30881b7380108321311d0d4bcbbf,CEBAS PTY LTD,afr.com,AU,End User,,,,6 Sunray Drive,,"Innaloo,",WA,22/03/2020,4b0b30881b7380108321311d0d4bcbbf,CEBAS PTY LTD,cebas,afr.com,,"6 Sunray Drive Innaloo, WA AU",cebas;afr.com;,0835bacd1b0bd410b8ec33fccc4bcb04;4a7bf44c1b7380108321311d0d4bcbdf;4b0b30881b7380108321311d0d4bcbbf;57da14751bd02850a18b311d0d4bcbc7;930b70881b7380108321311d0d4bcb80;a0ca56731bc3fc909bdc98eb274bcbac;e8edd75b1b9db910d1f74119b04bcb1a,duplicate company or domain
206416.0,57da14751bd02850a18b311d0d4bcbc7,Credit Suisse Australia Pty Limited,afr.com,AU,End User,,,,"Level 31/1 Macquarie Pl,",,Sydney ,NSW ,6/11/2020,57da14751bd02850a18b311d0d4bcbc7,Credit Suisse Australia Pty Limited,credit suisse australia,afr.com,,"Level 31/1 Macquarie Pl, Sydney NSW AU",credit suisse australia;afr.com;,0835bacd1b0bd410b8ec33fccc4bcb04;4a7bf44c1b7380108321311d0d4bcbdf;4b0b30881b7380108321311d0d4bcbbf;57da14751bd02850a18b311d0d4bcbc7;930b70881b7380108321311d0d4bcb80;a0ca56731bc3fc909bdc98eb274bcbac;e8edd75b1b9db910d1f74119b04bcb1a,duplicate company or domain
207017.0,a0ca56731bc3fc909bdc98eb274bcbac,ELOQUE PTY LTD,afr.com,AU,,Partner,,,"Level 8, ",1010 La Trobe Street,Docklands,VIC,14/10/2021,a0ca56731bc3fc909bdc98eb274bcbac,ELOQUE PTY LTD,eloque,afr.com,,"Level 8, Docklands VIC AU",eloque;afr.com;,0835bacd1b0bd410b8ec33fccc4bcb04;4a7bf44c1b7380108321311d0d4bcbdf;4b0b30881b7380108321311d0d4bcbbf;57da14751bd02850a18b311d0d4bcbc7;930b70881b7380108321311d0d4bcb80;a0ca56731bc3fc909bdc98eb274bcbac;e8edd75b1b9db910d1f74119b04bcb1a,duplicate company or domain
208748.0,e8edd75b1b9db910d1f74119b04bcb1a,The Trustee for DBPC Group Finance Trust,afr.com,AU,,Partner,,,,,,VIC,21/09/2023,e8edd75b1b9db910d1f74119b04bcb1a,The Trustee for DBPC Group Finance Trust,trustee for dbpc group finance,afr.com,,VIC AU,trustee for dbpc group finance;afr.com;,0835bacd1b0bd410b8ec33fccc4bcb04;4a7bf44c1b7380108321311d0d4bcbdf;4b0b30881b7380108321311d0d4bcbbf;57da14751bd02850a18b311d0d4bcbc7;930b70881b7380108321311d0d4bcb80;a0ca56731bc3fc909bdc98eb274bcbac;e8edd75b1b9db910d1f74119b04bcb1a,duplicate company or domain
202106.0,85aabc841b7380108321311d0d4bcbd6,Australian Financial Security Authority,afsa.gov.au,AU,End User,,,,,,,ACT,22/03/2020,85aabc841b7380108321311d0d4bcbd6,Australian Financial Security Authority,australian financial security authority,afsa.gov.au,,ACT AU,australian financial security authority;afsa.gov.au;,4fea70481b7380108321311d0d4bcb48;85aabc841b7380108321311d0d4bcbd6,duplicate company or domain
200244.0,0fca70081b7380108321311d0d4bcba5,Attorney General's D Branch,ag.gov.au,AU,End User,,,,"Cnr Russell Drive and Keliner Drive,",,Russell,ACT,22/03/2020,0fca70081b7380108321311d0d4bcba5,Attorney General's D Branch,attorney general s d branch,ag.gov.au,,"Cnr Russell Drive and Keliner Drive, Russell ACT AU",attorney general s d branch;ag.gov.au;,0fca70081b7380108321311d0d4bcba5;6aba78c41b7380108321311d0d4bcb24;7a10d046c3fd66501a9c742a05013135;f2ba78c41b7380108321311d0d4bcbd8;fb6a74441b7380108321311d0d4bcba7,duplicate company or domain
200117.0,f2ba78c41b7380108321311d0d4bcbd8,Attorney Generals Department (ACT),ag.gov.au,AU,End User,,,'+61 2 6141 6666,"Robert Garran Offices,3-5 National Circu",,Canberra,ACT,22/03/2020,f2ba78c41b7380108321311d0d4bcbd8,Attorney Generals Department (ACT),attorney generals department act,ag.gov.au,61261416666,"Robert Garran Offices,3-5 National Circu Canberra ACT AU",attorney generals department act;ag.gov.au;61261416666,0fca70081b7380108321311d0d4bcba5;6aba78c41b7380108321311d0d4bcb24;7a10d046c3fd66501a9c742a05013135;f2ba78c41b7380108321311d0d4bcbd8;fb6a74441b7380108321311d0d4bcba7,duplicate company or domain
200862.0,fb6a74441b7380108321311d0d4bcba7,Department of Attorney General and Justice,ag.gov.au,AU,End User,,,'+61 2 8688 7777,160 Marsden St,,Parramatta,NSW,22/03/2020,fb6a74441b7380108321311d0d4bcba7,Department of Attorney General and Justice,department of attorney general and justice,ag.gov.au,61286887777,160 Marsden St Parramatta NSW AU,department of attorney general and justice;ag.gov.au;61286887777,0fca70081b7380108321311d0d4bcba5;6aba78c41b7380108321311d0d4bcb24;7a10d046c3fd66501a9c742a05013135;f2ba78c41b7380108321311d0d4bcbd8;fb6a74441b7380108321311d0d4bcba7,duplicate company or domain
703928.0,7a10d046c3fd66501a9c742a05013135,The office of Attorney General,ag.gov.au,NZ,End User,,,,,,,,30/05/2025,7a10d046c3fd66501a9c742a05013135,The office of Attorney General,office of attorney general,ag.gov.au,,NZ,office of attorney general;ag.gov.au;,0fca70081b7380108321311d0d4bcba5;6aba78c41b7380108321311d0d4bcb24;7a10d046c3fd66501a9c742a05013135;f2ba78c41b7380108321311d0d4bcbd8;fb6a74441b7380108321311d0d4bcba7,duplicate company or domain
202187.0,a17a38441b7380108321311d0d4bcb9c,AGC Industries Pty Ltd & Meisei Industrial Co Ltd,agc-ausgroup.com,AU,End User,,,0862104500,"Level 1, 18-32 Parliament Place",,West Perth,WA,22/03/2020,a17a38441b7380108321311d0d4bcb9c,AGC Industries Pty Ltd & Meisei Industrial Co Ltd,agc industries and meisei industrial,agc-ausgroup.com,0862104500,"Level 1, 18-32 Parliament Place West Perth WA AU",agc industries and meisei industrial;agc-ausgroup.com;0862104500,a17a38441b7380108321311d0d4bcb9c;c4ba34c41b7380108321311d0d4bcb52,duplicate company or domain
206632.0,2ce070ac1b8ba450b8ec33fccc4bcbbc,Justice Technology Services,agd.sa.gov.au,AU,End User,,,,,,,,19/03/2021,2ce070ac1b8ba450b8ec33fccc4bcbbc,Justice Technology Services,justice technology services,agd.sa.gov.au,,AU,justice technology services;agd.sa.gov.au;,2ce070ac1b8ba450b8ec33fccc4bcbbc;907ab4441b7380108321311d0d4bcb97,duplicate company or domain
209225.0,371e74511b890ad0b37020e6b04bcb45,Aged Care Safety and Quality Commission,agedcarequality.gov.au,AU,End User,,,,,,,,19/03/2024,371e74511b890ad0b37020e6b04bcb45,Aged Care Safety and Quality Commission,aged care safety and quality commission,agedcarequality.gov.au,,AU,aged care safety and quality commission;agedcarequality.gov.au;,371e74511b890ad0b37020e6b04bcb45;6ac097c233342ad0a0c67c845d5c7b10;a3e924a41b8199501c3ddc6fcc4bcb35,duplicate company or domain
207757.0,a3e924a41b8199501c3ddc6fcc4bcb35,Australian Aged Care and Quality Commission,agedcarequality.gov.au,AU,End User,,,,,,,,29/07/2022,a3e924a41b8199501c3ddc6fcc4bcb35,Australian Aged Care and Quality Commission,australian aged care and quality commission,agedcarequality.gov.au,,AU,australian aged care and quality commission;agedcarequality.gov.au;,371e74511b890ad0b37020e6b04bcb45;6ac097c233342ad0a0c67c845d5c7b10;a3e924a41b8199501c3ddc6fcc4bcb35,duplicate company or domain
205168.0,3faaf0c41b7380108321311d0d4bcbbc,Australian Gas Infrastructure Group (AGIG),agig.com.au,AU,End User,,,,83 Prinsep Road,,Jandakot,WA,22/03/2020,3faaf0c41b7380108321311d0d4bcbbc,Australian Gas Infrastructure Group (AGIG),australian gas infrastructure group agig,agig.com.au,,83 Prinsep Road Jandakot WA AU,australian gas infrastructure group agig;agig.com.au;,3faaf0c41b7380108321311d0d4bcbbc;ac610cc333e8ea50a0c67c845d5c7b5c,duplicate company or domain
600026.0,4296b7ff1b31d9101c3ddc6fcc4bcb26,"Astra Graphia Information Technology, PT",ag-it.com,INDO,,Partner,,,Jl. Kramat Raya No 43 Jakarta Pusat 10450,,,,15/09/2022,4296b7ff1b31d9101c3ddc6fcc4bcb26,"Astra Graphia Information Technology, PT",astra graphia information technology pt,ag-it.com,,Jl. Kramat Raya No 43 Jakarta Pusat 10450 INDO,astra graphia information technology pt;ag-it.com;,4296b7ff1b31d9101c3ddc6fcc4bcb26;5e2777f31b71d9101c3ddc6fcc4bcbce;6067ff371b71d9101c3ddc6fcc4bcba0;942244cc87061910852d0e170cbb3579,duplicate company or domain
600028.0,5e2777f31b71d9101c3ddc6fcc4bcbce,PT. Astra Graphia Information Technology,ag-it.com,INDO,,Partner,,,,,,,15/09/2022,5e2777f31b71d9101c3ddc6fcc4bcbce,PT. Astra Graphia Information Technology,astra graphia information technology,ag-it.com,,INDO,astra graphia information technology;ag-it.com;,4296b7ff1b31d9101c3ddc6fcc4bcb26;5e2777f31b71d9101c3ddc6fcc4bcbce;6067ff371b71d9101c3ddc6fcc4bcba0;942244cc87061910852d0e170cbb3579,duplicate company or domain
600029.0,6067ff371b71d9101c3ddc6fcc4bcba0,PT. Astra Graphia Information Technology,ag-it.com,INDO,,Partner,,,,,,,15/09/2022,6067ff371b71d9101c3ddc6fcc4bcba0,PT. Astra Graphia Information Technology,astra graphia information technology,ag-it.com,,INDO,astra graphia information technology;ag-it.com;,4296b7ff1b31d9101c3ddc6fcc4bcb26;5e2777f31b71d9101c3ddc6fcc4bcbce;6067ff371b71d9101c3ddc6fcc4bcba0;942244cc87061910852d0e170cbb3579,duplicate company or domain
200600.0,0b6af0441b7380108321311d0d4bcbeb,AGL Energy Limited,agl.com.au,AU,,Partner,,(02) 9921 2400,699 Bourke Street ,,Docklands,VIC,22/03/2020,0b6af0441b7380108321311d0d4bcbeb,AGL Energy Limited,agl energy,agl.com.au,0299212400,699 Bourke Street Docklands VIC AU,agl energy;agl.com.au;0299212400,0b6af0441b7380108321311d0d4bcbeb;c6c13132331866106049b4646d5c7b2a;caba38c41b7380108321311d0d4bcb4a;e7d37bad1bc610908321311d0d4bcb1c,duplicate company or domain
203679.0,caba38c41b7380108321311d0d4bcb4a,AGL Energy Services Pty Limited,agl.com.au,AU,End User,,,,L 22 120 SPENCER ST,,Melbourne,Victoria,22/03/2020,caba38c41b7380108321311d0d4bcb4a,AGL Energy Services Pty Limited,agl energy services,agl.com.au,,L 22 120 SPENCER ST Melbourne Victoria AU,agl energy services;agl.com.au;,0b6af0441b7380108321311d0d4bcbeb;c6c13132331866106049b4646d5c7b2a;caba38c41b7380108321311d0d4bcb4a;e7d37bad1bc610908321311d0d4bcb1c,duplicate company or domain
206133.0,e7d37bad1bc610908321311d0d4bcb1c,AGL Macquarie Pty Ltd,agl.com.au,AU,,Partner,,,"Bayswater Power Station, New England Hwy,",,Muswellbrook,NSW,17/07/2020,e7d37bad1bc610908321311d0d4bcb1c,AGL Macquarie Pty Ltd,agl macquarie,agl.com.au,,"Bayswater Power Station, New England Hwy, Muswellbrook NSW AU",agl macquarie;agl.com.au;,0b6af0441b7380108321311d0d4bcbeb;c6c13132331866106049b4646d5c7b2a;caba38c41b7380108321311d0d4bcb4a;e7d37bad1bc610908321311d0d4bcb1c,duplicate company or domain
201900.0,8daabc841b7380108321311d0d4bcbb6,Department of Agriculture and Water Resources - Australia,agriculture.gov.au,AU,End User,,,,"Core 2, Wing 2 Level 5, Edmond Barton Bu",,Barton,ACT,22/03/2020,8daabc841b7380108321311d0d4bcbb6,Department of Agriculture and Water Resources - Australia,department of agriculture and water resources - australia,agriculture.gov.au,,"Core 2, Wing 2 Level 5, Edmond Barton Bu Barton ACT AU",department of agriculture and water resources - australia;agriculture.gov.au;,53cab0081b7380108321311d0d4bcb32;8daabc841b7380108321311d0d4bcbb6;be9ded441b7780108321311d0d4bcb26,duplicate company or domain
205245.0,be9ded441b7780108321311d0d4bcb26,"Department of Agriculture, Fisheries and Forestry",agriculture.gov.au,AU,End User,,,'+61 2 6272 3933,18 Marcus Clarke St,,Canberra,ACT,22/03/2020,be9ded441b7780108321311d0d4bcb26,"Department of Agriculture, Fisheries and Forestry",department of agriculture fisheries and forestry,agriculture.gov.au,61262723933,18 Marcus Clarke St Canberra ACT AU,department of agriculture fisheries and forestry;agriculture.gov.au;61262723933,53cab0081b7380108321311d0d4bcb32;8daabc841b7380108321311d0d4bcbb6;be9ded441b7780108321311d0d4bcb26,duplicate company or domain
202053.0,799a38841b7380108321311d0d4bcb45,Automotive Holdings Group Ltd,ahg.com.au,AU,End User,,,'+61 8 9422 7676,21 Old Aberdeen Place,,West Perth,WA,22/03/2020,799a38841b7380108321311d0d4bcb45,Automotive Holdings Group Ltd,automotive holdings group,ahg.com.au,61894227676,21 Old Aberdeen Place West Perth WA AU,automotive holdings group;ahg.com.au;61894227676,799a38841b7380108321311d0d4bcb45;f87af4441b7380108321311d0d4bcb49,duplicate company or domain
702118.0,6fc4e2631b274510d1f74119b04bcbe6,AIA THRIVE LIMITED,aia.co.nz,NZ,End User,,,,,,,,25/05/2022,6fc4e2631b274510d1f74119b04bcbe6,AIA THRIVE LIMITED,aia thrive,aia.co.nz,,NZ,aia thrive;aia.co.nz;,6fc4e2631b274510d1f74119b04bcbe6;a6009eec1b8f6850d5d38738dc4bcb30,duplicate company or domain
204575.0,a5baf4c41b7380108321311d0d4bcb76,AUSTRALIAN INSTITUTE OF BUSINESS AND MANAGEMENT PTY LTD,aib.edu.au,AU,End User,,,,Level 3/180 Queen St,,Campbelltown,NSW,22/03/2020,a5baf4c41b7380108321311d0d4bcb76,AUSTRALIAN INSTITUTE OF BUSINESS AND MANAGEMENT PTY LTD,australian institute of business and management,aib.edu.au,,Level 3/180 Queen St Campbelltown NSW AU,australian institute of business and management;aib.edu.au;,0b1e7d67333a86906049b4646d5c7b0b;a5baf4c41b7380108321311d0d4bcb76,duplicate company or domain
207706.0,8e2d10391bac1990d1f74119b04bcb23,Aida Care,aidacare.com.au,AU,End User,,,,"Building 3A, 1 Moorebank Avenue Moorebank 2170 ",,Moorebank,,8/07/2022,8e2d10391bac1990d1f74119b04bcb23,Aida Care,aida care,aidacare.com.au,,"Building 3A, 1 Moorebank Avenue Moorebank 2170 Moorebank AU",aida care;aidacare.com.au;,4d5de8f61bac9d90b37020e6b04bcb27;8e2d10391bac1990d1f74119b04bcb23;cd9ab4841b7380108321311d0d4bcbcd,duplicate company or domain
201678.0,cd9ab4841b7380108321311d0d4bcbcd,Aidacare Pty Ltd,aidacare.com.au,AU,End User,,,1300 133 120,4 Noonan Road,,Ingleburn,NSW,22/03/2020,cd9ab4841b7380108321311d0d4bcbcd,Aidacare Pty Ltd,aidacare,aidacare.com.au,1300133120,4 Noonan Road Ingleburn NSW AU,aidacare;aidacare.com.au;1300133120,4d5de8f61bac9d90b37020e6b04bcb27;8e2d10391bac1990d1f74119b04bcb23;cd9ab4841b7380108321311d0d4bcbcd,duplicate company or domain
400084.0,51dbf3db1b82b4109d4e21fc274bcbf6,Ainqa Health Sdn Bhd,ainqa.com,SG,End User,,,,"Lot 7.01 B & C, Menara BRDB,285 Jalan Maarof, Buki",t Bandaraya,Kuala Lumpur,,24/08/2021,51dbf3db1b82b4109d4e21fc274bcbf6,Ainqa Health Sdn Bhd,ainqa health,ainqa.com,,"Lot 7.01 B & C, Menara BRDB,285 Jalan Maarof, Buki Kuala Lumpur SG",ainqa health;ainqa.com;,51dbf3db1b82b4109d4e21fc274bcbf6;8f9d8cdd1bbbcd10b37020e6b04bcb07,duplicate company or domain
200926.0,3cba74c41b7380108321311d0d4bcbf5,Airservices Australia,airservicesaustralia.com,AU,End User,,,'+61 2 6268 4111,GPO Box 367,,Canberra,ACT,22/03/2020,3cba74c41b7380108321311d0d4bcbf5,Airservices Australia,airservices australia,airservicesaustralia.com,61262684111,GPO Box 367 Canberra ACT AU,airservices australia;airservicesaustralia.com;61262684111,3cba74c41b7380108321311d0d4bcbf5;4fbab8c41b7380108321311d0d4bcb5a,duplicate company or domain
700061.0,0510d2201bcf6850d5d38738dc4bcb35,Airways Corporation of NZ Ltd,airways.co.nz,NZ,End User,,,,,,,NI,19/03/2021,0510d2201bcf6850d5d38738dc4bcb35,Airways Corporation of NZ Ltd,airways of nz,airways.co.nz,,NI NZ,airways of nz;airways.co.nz;,0510d2201bcf6850d5d38738dc4bcb35;b7baf8c41b7380108321311d0d4bcbcc;f3ecd9781b48d510b37020e6b04bcbd7,duplicate company or domain
200833.0,b7baf8c41b7380108321311d0d4bcbcc,Airways New Zealand,airways.co.nz,AU,End User,,,,"Level 26, 100 Willis Street",,Wellington,NZ,22/03/2020,b7baf8c41b7380108321311d0d4bcbcc,Airways New Zealand,airways new zealand,airways.co.nz,,"Level 26, 100 Willis Street Wellington NZ AU",airways new zealand;airways.co.nz;,0510d2201bcf6850d5d38738dc4bcb35;b7baf8c41b7380108321311d0d4bcbcc;f3ecd9781b48d510b37020e6b04bcbd7,duplicate company or domain
210875.0,9e90b9ef8386529058f18798beaad308,AISH Solutions,aish.com.au,AU,,Partner,,08 7071 3433,PO BOx 313,,Fullarton,SA,30/11/2024,9e90b9ef8386529058f18798beaad308,AISH Solutions,aish solutions,aish.com.au,0870713433,PO BOx 313 Fullarton SA AU,aish solutions;aish.com.au;0870713433,098afc441b7380108321311d0d4bcb19;9e90b9ef8386529058f18798beaad308,duplicate company or domain
700064.0,9910d2201bcf6850d5d38738dc4bcb85,Crombie Lockwood,ajg.co.nz,NZ,End User,,,,,,,NI,19/03/2021,9910d2201bcf6850d5d38738dc4bcb85,Crombie Lockwood,crombie lockwood,ajg.co.nz,,NI NZ,crombie lockwood;ajg.co.nz;,10927e75db844650ecfba6bad39619d0;9910d2201bcf6850d5d38738dc4bcb85,duplicate company or domain
209605.0,1765a9a533a78210a0c67c845d5c7b98,AKQA Pty Ltd,akqa.com,AU,,Partner,,,,,,,22/07/2024,1765a9a533a78210a0c67c845d5c7b98,AKQA Pty Ltd,akqa,akqa.com,,AU,akqa;akqa.com;,1765a9a533a78210a0c67c845d5c7b98;2aa0a4d033c91e10a0c67c845d5c7bd9,duplicate company or domain
900022.0,1bf6d93e1be30110d1f74119b04bcb11,Alsons Aquaculture Corporation (AAC),alcantaragroup.com,PH,End User,,,,,,,,23/05/2022,1bf6d93e1be30110d1f74119b04bcb11,Alsons Aquaculture Corporation (AAC),alsons aquaculture aac,alcantaragroup.com,,PH,alsons aquaculture aac;alcantaragroup.com;,1a40eac9dbe23950ecfba6bad3961906;1bf6d93e1be30110d1f74119b04bcb11,duplicate company or domain
209842.0,4018bb0033091e10a0c67c845d5c7bed,Alfa Computers Pty Ltd,alfa.com.au,AU,,Partner,,0293133333,PO BOX 6433,,Alexandria,NSW,30/09/2024,4018bb0033091e10a0c67c845d5c7bed,Alfa Computers Pty Ltd,alfa computers,alfa.com.au,0293133333,PO BOX 6433 Alexandria NSW AU,alfa computers;alfa.com.au;0293133333,0d8afc441b7380108321311d0d4bcb1b;4018bb0033091e10a0c67c845d5c7bed,duplicate company or domain
202502.0,dadaf4081b7380108321311d0d4bcbde,ALINTA ENERGY (AUSTRALIA) PTY LTD,alintaenergy.com.au,AU,End User,,,,20 Bridge St,,Sydney,NSW,22/03/2020,dadaf4081b7380108321311d0d4bcbde,ALINTA ENERGY (AUSTRALIA) PTY LTD,alinta energy australia,alintaenergy.com.au,,20 Bridge St Sydney NSW AU,alinta energy australia;alintaenergy.com.au;,6aea30481b7380108321311d0d4bcb51;dadaf4081b7380108321311d0d4bcbde;fa16deb3db19055036e3d383f39619dc;fdba38c41b7380108321311d0d4bcb1f,duplicate company or domain
203075.0,6aea30481b7380108321311d0d4bcb51,Alinta Energy Limited,alintaenergy.com.au,AU,End User,,,'+61385337348,76 Greenhill Road,,Parkside,SA,22/03/2020,6aea30481b7380108321311d0d4bcb51,Alinta Energy Limited,alinta energy,alintaenergy.com.au,61385337348,76 Greenhill Road Parkside SA AU,alinta energy;alintaenergy.com.au;61385337348,6aea30481b7380108321311d0d4bcb51;dadaf4081b7380108321311d0d4bcbde;fa16deb3db19055036e3d383f39619dc;fdba38c41b7380108321311d0d4bcb1f,duplicate company or domain
209325.0,fdba38c41b7380108321311d0d4bcb1f,ALINTA SERVCO PTY LTD,alintaenergy.com.au ,AU,End User,,,,20 Bridge St,,Sydney,NSW,22/03/2020,fdba38c41b7380108321311d0d4bcb1f,ALINTA SERVCO PTY LTD,alinta servco,alintaenergy.com.au,,20 Bridge St Sydney NSW AU,alinta servco;alintaenergy.com.au;,6aea30481b7380108321311d0d4bcb51;dadaf4081b7380108321311d0d4bcbde;fa16deb3db19055036e3d383f39619dc;fdba38c41b7380108321311d0d4bcb1f,duplicate company or domain
703303.0,004193aac31bd6501a9c742a05013172,Novotel Fiji,all.accor.com,NZ,End User,,,,,,,,28/01/2025,004193aac31bd6501a9c742a05013172,Novotel Fiji,novotel fiji,all.accor.com,,NZ,novotel fiji;all.accor.com;,004193aac31bd6501a9c742a05013172;f238d47f1be78510b37020e6b04bcb88,duplicate company or domain
203443.0,0ceaf8081b7380108321311d0d4bcb79,Allens Operations Pty Ltd,allens.com.au,AU,End User,,,,123 EAGLE ST BRISBANE CITY,,,QLD,22/03/2020,0ceaf8081b7380108321311d0d4bcb79,Allens Operations Pty Ltd,allens operations,allens.com.au,,123 EAGLE ST BRISBANE CITY QLD AU,allens operations;allens.com.au;,0ceaf8081b7380108321311d0d4bcb79;c9bab4c41b7380108321311d0d4bcb84,duplicate company or domain
207627.0,66df7d771bb34110b37020e6b04bcb54,Alliance Airlines Pty Limited,allianceairlines.com.au,AU,End User,,,,"81 Pandanus Avenue, (PO Box 1126) ",,Brisbane Airport ,QLD,7/06/2022,66df7d771bb34110b37020e6b04bcb54,Alliance Airlines Pty Limited,alliance airlines,allianceairlines.com.au,,"81 Pandanus Avenue, (PO Box 1126) Brisbane Airport QLD AU",alliance airlines;allianceairlines.com.au;,66df7d771bb34110b37020e6b04bcb54;b0009aec1b8f6850d5d38738dc4bcb05,duplicate company or domain
500207.0,46362d15874ee990852d0e170cbb3504,Alliance Financial Group Bhd,alliancebank.com.my,MY,End User,,,60123873278,"14th Floor, Menara Multi- Purpose,","Capital Square 8, Jalan Munshi Abdullah,",KL,KL,6/04/2023,46362d15874ee990852d0e170cbb3504,Alliance Financial Group Bhd,alliance financial group,alliancebank.com.my,60123873278,"14th Floor, Menara Multi- Purpose, KL KL MY",alliance financial group;alliancebank.com.my;60123873278,03d02413db13e910ecfba6bad39619cb;46362d15874ee990852d0e170cbb3504,duplicate company or domain
209844.0,32283f0033091e10a0c67c845d5c7bf9,Allianz Australia Insurance Ltd.,allianz.com.au,AU,,Partner,,,,,,,30/09/2024,32283f0033091e10a0c67c845d5c7bf9,Allianz Australia Insurance Ltd.,allianz australia insurance,allianz.com.au,,AU,allianz australia insurance;allianz.com.au;,32283f0033091e10a0c67c845d5c7bf9;4c7a74441b7380108321311d0d4bcbfc;57da78081b7380108321311d0d4bcb99;7f8b788c1b7380108321311d0d4bcbd5;8286b37b1b9fd410a18b311d0d4bcb46,duplicate company or domain
200024.0,7f8b788c1b7380108321311d0d4bcbd5,Allianz Australia Limited,allianz.com.au,AU,End User,,,,"Level 10, 2 Market Street",,Sydney,NSW,22/03/2020,7f8b788c1b7380108321311d0d4bcbd5,Allianz Australia Limited,allianz australia,allianz.com.au,,"Level 10, 2 Market Street Sydney NSW AU",allianz australia;allianz.com.au;,32283f0033091e10a0c67c845d5c7bf9;4c7a74441b7380108321311d0d4bcbfc;57da78081b7380108321311d0d4bcb99;7f8b788c1b7380108321311d0d4bcbd5;8286b37b1b9fd410a18b311d0d4bcb46,duplicate company or domain
206326.0,8286b37b1b9fd410a18b311d0d4bcb46,ALLIANZ AUSTRALIA SERVICES PTY LIMITED,allianz.com.au,AU,End User,,,,,,,NSW,24/09/2020,8286b37b1b9fd410a18b311d0d4bcb46,ALLIANZ AUSTRALIA SERVICES PTY LIMITED,allianz australia services,allianz.com.au,,NSW AU,allianz australia services;allianz.com.au;,32283f0033091e10a0c67c845d5c7bf9;4c7a74441b7380108321311d0d4bcbfc;57da78081b7380108321311d0d4bcb99;7f8b788c1b7380108321311d0d4bcbd5;8286b37b1b9fd410a18b311d0d4bcb46,duplicate company or domain
202682.0,57da78081b7380108321311d0d4bcb99,Allianz Global Assistance,allianz.com.au,AU,End User,,,,74 High Street,,Toowong,QLD,22/03/2020,57da78081b7380108321311d0d4bcb99,Allianz Global Assistance,allianz global assistance,allianz.com.au,,74 High Street Toowong QLD AU,allianz global assistance;allianz.com.au;,32283f0033091e10a0c67c845d5c7bf9;4c7a74441b7380108321311d0d4bcbfc;57da78081b7380108321311d0d4bcb99;7f8b788c1b7380108321311d0d4bcbd5;8286b37b1b9fd410a18b311d0d4bcb46,duplicate company or domain
212534.0,cfe47b0333102e54a0c67c845d5c7b96,All Insure,allinsure.com.au,AU,End User,,,,,,,,20/03/2025,cfe47b0333102e54a0c67c845d5c7b96,All Insure,all insure,allinsure.com.au,,AU,all insure;allinsure.com.au;,5d46210f83175e5058f18798beaad3be;cfe47b0333102e54a0c67c845d5c7b96,duplicate company or domain
207033.0,48fa69171bd734109bdc98eb274bcb6f,AUSTRALIAN LABORATORY SERVICES PTY. LTD.,alsglobal.com,AU,End User,,,,,,,,25/10/2021,48fa69171bd734109bdc98eb274bcb6f,AUSTRALIAN LABORATORY SERVICES PTY. LTD.,australian laboratory services,alsglobal.com,,AU,australian laboratory services;alsglobal.com;,37e79b281b987510b37020e6b04bcb2e;48fa69171bd734109bdc98eb274bcb6f,duplicate company or domain
211760.0,f156703e835b9a5058f18798beaad34a,EDI RAIL - ALSTOM TRANSPORT PTY LIMITED,alstom.com,AU,End User,,,,,,,,28/01/2025,f156703e835b9a5058f18798beaad34a,EDI RAIL - ALSTOM TRANSPORT PTY LIMITED,edi rail - alstom transport,alstom.com,,AU,edi rail - alstom transport;alstom.com;,e20004c1c3d6d2901a9c742a05013108;f156703e835b9a5058f18798beaad34a,duplicate company or domain
900058.0,f69311db1b374950d1f74119b04bcb48,Altair i Solutions Inc.,altair-i.com,PH,,Partner,,63 2 8551 1951,"19F, 88 Corporate Center, Valero Cor Sedeno Sts,",Salcedo Village,Makati City,Philippines,6/06/2022,f69311db1b374950d1f74119b04bcb48,Altair i Solutions Inc.,altair i solutions,altair-i.com,63285511951,"19F, 88 Corporate Center, Valero Cor Sedeno Sts, Makati City Philippines PH",altair i solutions;altair-i.com;63285511951,d185f4c41bf605909d4e21fc274bcbf2;f69311db1b374950d1f74119b04bcb48,duplicate company or domain
209196.0,9dee7add87300a14852d0e170cbb35f5,Comnetel,amazon.com,AU,End User,,,,,,,,7/03/2024,9dee7add87300a14852d0e170cbb35f5,Comnetel,comnetel,amazon.com,,AU,comnetel;amazon.com;,512a6de31b61f550b37020e6b04bcb9d;68687f0adb6fb01036e3d383f39619c6;9dee7add87300a14852d0e170cbb35f5,duplicate company or domain
208774.0,512a6de31b61f550b37020e6b04bcb9d,Hootan Dehbonei T/A Everlasting Fairytale,amazon.com,AU,,Partner,,08 9259 6808,70 Romney Way,,Parkwood,WA,4/10/2023,512a6de31b61f550b37020e6b04bcb9d,Hootan Dehbonei T/A Everlasting Fairytale,hootan dehbonei t/a everlasting fairytale,amazon.com,0892596808,70 Romney Way Parkwood WA AU,hootan dehbonei t/a everlasting fairytale;amazon.com;0892596808,512a6de31b61f550b37020e6b04bcb9d;68687f0adb6fb01036e3d383f39619c6;9dee7add87300a14852d0e170cbb35f5,duplicate company or domain
500088.0,60b3a66187e59d10852d0e170cbb3538,AmBank Group,ambankgroup.com,MY,End User,,,,Level 22 Bangunan Ambank Group,,Kuala Lumpur,,26/08/2022,60b3a66187e59d10852d0e170cbb3538,AmBank Group,ambank group,ambankgroup.com,,Level 22 Bangunan Ambank Group Kuala Lumpur MY,ambank group;ambankgroup.com;,60b3a66187e59d10852d0e170cbb3538;aa05e22587e59d10852d0e170cbb3555,duplicate company or domain
209800.0,95ad20ba33fc5a106049b4646d5c7b99,AMBER TECHNOLOGY LTD,ambertech.com.au,AU,,Partner,,,,,,,26/09/2024,95ad20ba33fc5a106049b4646d5c7b99,AMBER TECHNOLOGY LTD,amber technology,ambertech.com.au,,AU,amber technology;ambertech.com.au;,1ad209f633749a106049b4646d5c7bad;95ad20ba33fc5a106049b4646d5c7b99,duplicate company or domain
,407a74441b7380108321311d0d4bcbed,Amcor Ltd,amcor.com,AU,,,,'+61 3 9226 9000,"Amcor Global Head Office, 109 Burwood Road",,Hawthorn,VIC,22/03/2020,407a74441b7380108321311d0d4bcbed,Amcor Ltd,amcor,amcor.com,61392269000,"Amcor Global Head Office, 109 Burwood Road Hawthorn VIC AU",amcor;amcor.com;61392269000,407a74441b7380108321311d0d4bcbed;c8afab69336c6250a0c67c845d5c7b07;eb9af8841b7380108321311d0d4bcbbb,duplicate company or domain
212650.0,c8afab69336c6250a0c67c845d5c7b07,Amcor NSW Sydney Australia,amcor.com,AU,End User,,,,,,,,28/03/2025,c8afab69336c6250a0c67c845d5c7b07,Amcor NSW Sydney Australia,amcor nsw sydney australia,amcor.com,,AU,amcor nsw sydney australia;amcor.com;,407a74441b7380108321311d0d4bcbed;c8afab69336c6250a0c67c845d5c7b07;eb9af8841b7380108321311d0d4bcbbb,duplicate company or domain
900776.0,04054634338f4210a0c67c845d5c7ba0,Amdatex Services Corp.,amdatex.com,PH,End User,,,,"9th Floor Kingston Tower, Acacia Avenue","Madrigal Business Park,",Muntinlupa,,25/06/2024,04054634338f4210a0c67c845d5c7ba0,Amdatex Services Corp.,amdatex services,amdatex.com,,"9th Floor Kingston Tower, Acacia Avenue Muntinlupa PH",amdatex services;amdatex.com;,04054634338f4210a0c67c845d5c7ba0;dacda8dbdbb37510ecfba6bad3961901,duplicate company or domain
600150.0,8dd2a8dadbd67510ecfba6bad39619f5,PT. Amman Mineral Nusa Tenggara,amman.co.id,INDO,End User,,,,,,,,6/11/2023,8dd2a8dadbd67510ecfba6bad39619f5,PT. Amman Mineral Nusa Tenggara,amman mineral nusa tenggara,amman.co.id,,INDO,amman mineral nusa tenggara;amman.co.id;,8dd2a8dadbd67510ecfba6bad39619f5;92a66852db1a7510ecfba6bad39619c4,duplicate company or domain
701282.0,b0ff42ec1b8f6850d5d38738dc4bcbdf,AMP SERVICES (NZ) LIMITED,amp.com.au,NZ,End User,,,,,,,.,19/03/2021,b0ff42ec1b8f6850d5d38738dc4bcbdf,AMP SERVICES (NZ) LIMITED,amp services nz,amp.com.au,,. NZ,amp services nz;amp.com.au;,35daf4081b7380108321311d0d4bcb13;b0ff42ec1b8f6850d5d38738dc4bcbdf;f1a7aa1bdbf3bc5036e3d383f39619d5,duplicate company or domain
202306.0,35daf4081b7380108321311d0d4bcb13,AMP SERVICES LIMITED,amp.com.au,AU,End User,,,,AMP Limited 33 Alfred Street,,Sydney,NSW,22/03/2020,35daf4081b7380108321311d0d4bcb13,AMP SERVICES LIMITED,amp services,amp.com.au,,AMP Limited 33 Alfred Street Sydney NSW AU,amp services;amp.com.au;,35daf4081b7380108321311d0d4bcb13;b0ff42ec1b8f6850d5d38738dc4bcbdf;f1a7aa1bdbf3bc5036e3d383f39619d5,duplicate company or domain
205271.0,e6ca30081b7380108321311d0d4bcbb6,AMP Life Limited,amplife.com.au,AU,End User,,,,33 Alfred Street,,Sydney,NSW,22/03/2020,e6ca30081b7380108321311d0d4bcbb6,AMP Life Limited,amp life,amplife.com.au,,33 Alfred Street Sydney NSW AU,amp life;amplife.com.au;,210668601bfbfc109bdc98eb274bcbd1;e6ca30081b7380108321311d0d4bcbb6,duplicate company or domain
700965.0,5aff46ec1b8f6850d5d38738dc4bcb71,AMPLIFON NZ LTD,amplifon.com,NZ,End User,,,,,,,Auckland,19/03/2021,5aff46ec1b8f6850d5d38738dc4bcb71,AMPLIFON NZ LTD,amplifon nz,amplifon.com,,Auckland NZ,amplifon nz;amplifon.com;,5aff46ec1b8f6850d5d38738dc4bcb71;b5ff06ec1b8f6850d5d38738dc4bcb52,duplicate company or domain
400323.0,df90a6421b324510a18b311d0d4bcb13,Orient Express Recruitment and Manpower Services Inc,ampliz.com,SG,End User,,,,,,,,13/04/2022,df90a6421b324510a18b311d0d4bcb13,Orient Express Recruitment and Manpower Services Inc,orient express recruitment and manpower services,ampliz.com,,SG,orient express recruitment and manpower services;ampliz.com;,4af989b61be30110d1f74119b04bcbc7;df90a6421b324510a18b311d0d4bcb13,duplicate company or domain
400013.0,ceec993f1b236810b8ec33fccc4bcb0f,AMTI (Accent Micro Technologies Inc.),amti.com.ph,SG,,Partner,,'+63 2 8988 9788,"8/F East Tower, Philippine Stock Exchange, Center,","Exchange Road, Ortigas Center",Pasig City,,23/04/2021,ceec993f1b236810b8ec33fccc4bcb0f,AMTI (Accent Micro Technologies Inc.),amti accent micro technologies,amti.com.ph,63289889788,"8/F East Tower, Philippine Stock Exchange, Center, Pasig City SG",amti accent micro technologies;amti.com.ph;63289889788,c66428661b3129501c3ddc6fcc4bcb5e;ceec993f1b236810b8ec33fccc4bcb0f,duplicate company or domain
204325.0,bb0bb0881b7380108321311d0d4bcb67,ANCA PTY LTD,anca.com,AU,End User,,,,,,,VIC,22/03/2020,bb0bb0881b7380108321311d0d4bcb67,ANCA PTY LTD,anca,anca.com,,VIC AU,anca;anca.com;,10398ea01b609190b37020e6b04bcb08;bb0bb0881b7380108321311d0d4bcb67,duplicate company or domain
204076.0,b16b780c1b7380108321311d0d4bcbab,ANDERSON IT SOLUTIONS,andersenit.com.au,AU,,Partner,,,1/29 Black Street,,Milton,QLD,22/03/2020,b16b780c1b7380108321311d0d4bcbab,ANDERSON IT SOLUTIONS,anderson it solutions,andersenit.com.au,,1/29 Black Street Milton QLD AU,anderson it solutions;andersenit.com.au;,b16b780c1b7380108321311d0d4bcbab;ddaafc841b7380108321311d0d4bcb64,duplicate company or domain
400273.0,22cdcc1b1b8e0910a18b311d0d4bcb5c,Anflo Management and Investment Corporation,anflocor.com,SG,End User,,,,,,,,10/03/2022,22cdcc1b1b8e0910a18b311d0d4bcb5c,Anflo Management and Investment Corporation,anflo management and investment,anflocor.com,,SG,anflo management and investment;anflocor.com;,22cdcc1b1b8e0910a18b311d0d4bcb5c;5d5e60361ba30110d1f74119b04bcbb1,duplicate company or domain
211516.0,74c2a8c5c38352501a9c742a05013108,Garrison Lending Operations Pty Ltd,anglefinance.com.au,AU,End User,,,,,,,,10/01/2025,74c2a8c5c38352501a9c742a05013108,Garrison Lending Operations Pty Ltd,garrison lending operations,anglefinance.com.au,,AU,garrison lending operations;anglefinance.com.au;,6b500310872a7550852d0e170cbb35e2;74c2a8c5c38352501a9c742a05013108,duplicate company or domain
201323.0,5c9a74841b7380108321311d0d4bcb4d,Anglicare NSW,anglicare.org.au,AU,End User,,,'+61 2 9895 8000,16 Parkes St,,Harris Park,NSW,22/03/2020,5c9a74841b7380108321311d0d4bcb4d,Anglicare NSW,anglicare nsw,anglicare.org.au,61298958000,16 Parkes St Harris Park NSW AU,anglicare nsw;anglicare.org.au;61298958000,5c9a74841b7380108321311d0d4bcb4d;dedaf4081b7380108321311d0d4bcbe9,duplicate company or domain
,d90b7c481b7380108321311d0d4bcb76,Anittel Pty Ltd (TAS),anittel.com.au,AU,,,,,212 Liverpool Street,,Hobart,TAS,22/03/2020,d90b7c481b7380108321311d0d4bcb76,Anittel Pty Ltd (TAS),anittel tas,anittel.com.au,,212 Liverpool Street Hobart TAS AU,anittel tas;anittel.com.au;,7eca70081b7380108321311d0d4bcb16;8cba34c41b7380108321311d0d4bcb74;d90b7c481b7380108321311d0d4bcb76,duplicate company or domain
201046.0,8cba34c41b7380108321311d0d4bcb74,Anittel Pty Ltd (VIC),anittel.com.au,AU,,Partner,,,Level 18 / 31 Queen Street,,Melbourne,VIC,22/03/2020,8cba34c41b7380108321311d0d4bcb74,Anittel Pty Ltd (VIC),anittel vic,anittel.com.au,,Level 18 / 31 Queen Street Melbourne VIC AU,anittel vic;anittel.com.au;,7eca70081b7380108321311d0d4bcb16;8cba34c41b7380108321311d0d4bcb74;d90b7c481b7380108321311d0d4bcb76,duplicate company or domain
209771.0,b904ec683374d2d0a0c67c845d5c7b13,Amomali Incorporated (NZ),anomali.com,AU,,Partner,Vendor,,,,,,19/09/2024,b904ec683374d2d0a0c67c845d5c7b13,Amomali Incorporated (NZ),amomali nz,anomali.com,,AU,amomali nz;anomali.com;,13499c551bfd31d0d1f74119b04bcb73;501acc7e1b583550d1f74119b04bcba3;61293e461b3139d0d1f74119b04bcb25;774301143367c6506049b4646d5c7bd9;b904ec683374d2d0a0c67c845d5c7b13;c5eb202033f4d2d0a0c67c845d5c7b38;ffcb0cb81be1f150d1f74119b04bcb53,duplicate company or domain
500303.0,13499c551bfd31d0d1f74119b04bcb73,ANOMALI INCORPORATED,anomali.com,MY,End User,,Vendor,,,,,,9/10/2023,13499c551bfd31d0d1f74119b04bcb73,ANOMALI INCORPORATED,anomali,anomali.com,,MY,anomali;anomali.com;,13499c551bfd31d0d1f74119b04bcb73;501acc7e1b583550d1f74119b04bcba3;61293e461b3139d0d1f74119b04bcb25;774301143367c6506049b4646d5c7bd9;b904ec683374d2d0a0c67c845d5c7b13;c5eb202033f4d2d0a0c67c845d5c7b38;ffcb0cb81be1f150d1f74119b04bcb53,duplicate company or domain
209592.0,774301143367c6506049b4646d5c7bd9,Anomali Incorporated,anomali.com,AU,,Partner,Vendor,,808 Winslow St,,Redwood City,CA,18/07/2024,774301143367c6506049b4646d5c7bd9,Anomali Incorporated,anomali,anomali.com,,808 Winslow St Redwood City CA AU,anomali;anomali.com;,13499c551bfd31d0d1f74119b04bcb73;501acc7e1b583550d1f74119b04bcba3;61293e461b3139d0d1f74119b04bcb25;774301143367c6506049b4646d5c7bd9;b904ec683374d2d0a0c67c845d5c7b13;c5eb202033f4d2d0a0c67c845d5c7b38;ffcb0cb81be1f150d1f74119b04bcb53,duplicate company or domain
400678.0,501acc7e1b583550d1f74119b04bcba3,ANOMALI INCORPORATED,anomali.com,SG,End User,,Vendor,,,,,,31/07/2023,501acc7e1b583550d1f74119b04bcba3,ANOMALI INCORPORATED,anomali,anomali.com,,SG,anomali;anomali.com;,13499c551bfd31d0d1f74119b04bcb73;501acc7e1b583550d1f74119b04bcba3;61293e461b3139d0d1f74119b04bcb25;774301143367c6506049b4646d5c7bd9;b904ec683374d2d0a0c67c845d5c7b13;c5eb202033f4d2d0a0c67c845d5c7b38;ffcb0cb81be1f150d1f74119b04bcb53,duplicate company or domain
900528.0,61293e461b3139d0d1f74119b04bcb25,ANOMALI INCORPORATED (PH),anomali.com,PH,End User,,Vendor,,,,,,12/10/2023,61293e461b3139d0d1f74119b04bcb25,ANOMALI INCORPORATED (PH),anomali ph,anomali.com,,PH,anomali ph;anomali.com;,13499c551bfd31d0d1f74119b04bcb73;501acc7e1b583550d1f74119b04bcba3;61293e461b3139d0d1f74119b04bcb25;774301143367c6506049b4646d5c7bd9;b904ec683374d2d0a0c67c845d5c7b13;c5eb202033f4d2d0a0c67c845d5c7b38;ffcb0cb81be1f150d1f74119b04bcb53,duplicate company or domain
400711.0,ffcb0cb81be1f150d1f74119b04bcb53,Anomali Singapore Pte Ltd,anomali.com,SG,,Partner,,,Arc380 WeWork,380 Jln Besar,,,25/09/2023,ffcb0cb81be1f150d1f74119b04bcb53,Anomali Singapore Pte Ltd,anomali singapore,anomali.com,,Arc380 WeWork SG,anomali singapore;anomali.com;,13499c551bfd31d0d1f74119b04bcb73;501acc7e1b583550d1f74119b04bcba3;61293e461b3139d0d1f74119b04bcb25;774301143367c6506049b4646d5c7bd9;b904ec683374d2d0a0c67c845d5c7b13;c5eb202033f4d2d0a0c67c845d5c7b38;ffcb0cb81be1f150d1f74119b04bcb53,duplicate company or domain
209852.0,a8a8774033091e10a0c67c845d5c7bf2,Anric Pty Ltd,anric.com.au,AU,,Partner,,(03) 8678 2000,"Level 2, Unit 1, 50 Market St",,Melbourne,VIC,30/09/2024,a8a8774033091e10a0c67c845d5c7bf2,Anric Pty Ltd,anric,anric.com.au,0386782000,"Level 2, Unit 1, 50 Market St Melbourne VIC AU",anric;anric.com.au;0386782000,4141392383c6529058f18798beaad38b;a8a8774033091e10a0c67c845d5c7bf2,duplicate company or domain
206522.0,76f68c101b7de090b8ec33fccc4bcb27,TRILINE GRC PTY LTD,ansarada.com,AU,End User,,,,,,,SA,15/01/2021,76f68c101b7de090b8ec33fccc4bcb27,TRILINE GRC PTY LTD,triline grc,ansarada.com,,SA AU,triline grc;ansarada.com;,76f68c101b7de090b8ec33fccc4bcb27;96ecf687db18495036e3d383f39619ae,duplicate company or domain
210922.0,84dc0a58c31e5e501a9c742a05013116,The Trustee for The Aviation Training Australasia Trust,ansettaviationtraining.com,AU,End User,,,,Unit 1 123 Bancroft Road  ,,Pinkenba,QLD,2/12/2024,84dc0a58c31e5e501a9c742a05013116,The Trustee for The Aviation Training Australasia Trust,trustee for the aviation training australasia,ansettaviationtraining.com,,Unit 1 123 Bancroft Road Pinkenba QLD AU,trustee for the aviation training australasia;ansettaviationtraining.com;,0f3fa1a9c3a29e141a9c742a050131a6;84dc0a58c31e5e501a9c742a05013116,duplicate company or domain
211644.0,481a35448317d21058f18798beaad365,Ansvar Insurance Limited,ansvar.com.au,AU,End User,,,,,,,,20/01/2025,481a35448317d21058f18798beaad365,Ansvar Insurance Limited,ansvar insurance,ansvar.com.au,,AU,ansvar insurance;ansvar.com.au;,481a35448317d21058f18798beaad365;5011fe9183d652d058f18798beaad304,duplicate company or domain
